monitoring_period,High,Moderately_High,Normal,Moderately_Low,Low,Very_Low,River_Flow
10/1/18 0:00,,,,,,,15.15
10/2/18 0:00,,,,,,,12.119
10/3/18 0:00,,,,,,,10.44
10/4/18 0:00,,,,,,,9.786
10/5/18 0:00,,,,,,,9.68
10/6/18 0:00,,,,,,,8.734
10/7/18 0:00,,,,,,,7.852
10/8/18 0:00,,,,,,,7.294
10/9/18 0:00,,,,,,,7.004
10/10/18 0:00,,,,,,,6.431
10/11/18 0:00,,,,,,,5.664
10/12/18 0:00,,,,,,,5.371
10/13/18 0:00,,,,,,,4.979
10/14/18 0:00,,,,,,,4.564
10/15/18 0:00,168.764,14.149,9.847,6.77,4.949,2.489,4.464
10/16/18 0:00,,,,,,,4.459
10/17/18 0:00,,,,,,,4.252
10/18/18 0:00,,,,,,,3.879
10/19/18 0:00,,,,,,,3.622
10/20/18 0:00,,,,,,,3.113
10/21/18 0:00,,,,,,,2.53
10/22/18 0:00,,,,,,,2.219
10/23/18 0:00,,,,,,,2.318
10/24/18 0:00,,,,,,,2.368
10/25/18 0:00,,,,,,,1.925
10/26/18 0:00,,,,,,,1.317
10/27/18 0:00,,,,,,,0.96
10/28/18 0:00,,,,,,,0.753
10/29/18 0:00,,,,,,,0.671
10/30/18 0:00,,,,,,,0.597
10/31/18 0:00,,,,,,,0.522
11/1/18 0:00,,,,,,,0.524
11/2/18 0:00,,,,,,,0.57
11/3/18 0:00,,,,,,,0.857
11/4/18 0:00,,,,,,,1.987
11/5/18 0:00,,,,,,,2.212
11/6/18 0:00,,,,,,,2.225
11/7/18 0:00,,,,,,,2.226
11/8/18 0:00,,,,,,,2.232
11/9/18 0:00,,,,,,,2.276
11/10/18 0:00,,,,,,,2.141
11/11/18 0:00,,,,,,,1.825
11/12/18 0:00,,,,,,,1.771
11/13/18 0:00,,,,,,,3.902
11/14/18 0:00,,,,,,,4.034
11/15/18 0:00,194.236,6.088,4.228,2.635,1.95,1.207,2.508
11/16/18 0:00,,,,,,,2.119
11/17/18 0:00,,,,,,,1.734
11/18/18 0:00,,,,,,,1.337
11/19/18 0:00,,,,,,,1.105
11/20/18 0:00,,,,,,,1.011
11/21/18 0:00,,,,,,,1.492
11/22/18 0:00,,,,,,,1.614
11/23/18 0:00,,,,,,,1.379
11/24/18 0:00,,,,,,,1.522
11/25/18 0:00,,,,,,,1.708
11/26/18 0:00,,,,,,,1.882
11/27/18 0:00,,,,,,,1.889
11/28/18 0:00,,,,,,,2.015
11/29/18 0:00,,,,,,,2.061
11/30/18 0:00,,,,,,,1.839
12/1/18 0:00,,,,,,,1.667
12/2/18 0:00,,,,,,,1.624
12/3/18 0:00,,,,,,,1.653
12/4/18 0:00,,,,,,,1.739
12/5/18 0:00,,,,,,,2.059
12/6/18 0:00,,,,,,,2.115
12/7/18 0:00,,,,,,,2.186
12/8/18 0:00,,,,,,,2.262
12/9/18 0:00,,,,,,,2.386
12/10/18 0:00,,,,,,,2.788
12/11/18 0:00,,,,,,,2.281
12/12/18 0:00,,,,,,,1.804
12/13/18 0:00,,,,,,,1.467
12/14/18 0:00,,,,,,,1.264
12/15/18 0:00,106.622,3.978,2.879,1.965,1.462,0.893,1.199
12/16/18 0:00,,,,,,,1.161
12/17/18 0:00,,,,,,,1.199
12/18/18 0:00,,,,,,,1.218
12/19/18 0:00,,,,,,,1.217
12/20/18 0:00,,,,,,,1.236
12/21/18 0:00,,,,,,,1.476
12/22/18 0:00,,,,,,,1.851
12/23/18 0:00,,,,,,,2.002
12/24/18 0:00,,,,,,,1.883
12/25/18 0:00,,,,,,,1.89
12/26/18 0:00,,,,,,,2.399
12/27/18 0:00,,,,,,,2.374
12/28/18 0:00,,,,,,,2.139
12/29/18 0:00,,,,,,,1.931
12/30/18 0:00,,,,,,,2.144
12/31/18 0:00,,,,,,,1.894
1/1/19 0:00,,,,,,,1.535
1/2/19 0:00,,,,,,,1.672
1/3/19 0:00,,,,,,,1.968
1/4/19 0:00,,,,,,,1.994
1/5/19 0:00,,,,,,,1.952
1/6/19 0:00,,,,,,,1.631
1/7/19 0:00,,,,,,,1.272
1/8/19 0:00,,,,,,,1.078
1/9/19 0:00,,,,,,,1.399
1/10/19 0:00,,,,,,,1.548
1/11/19 0:00,,,,,,,1.399
1/12/19 0:00,,,,,,,1.896
1/13/19 0:00,,,,,,,2.193
1/14/19 0:00,,,,,,,2.101
1/15/19 0:00,63.657,3.416,2.543,1.784,1.323,0.843,2.076
1/16/19 0:00,,,,,,,2.076
1/17/19 0:00,,,,,,,2.045
1/18/19 0:00,,,,,,,1.68
1/19/19 0:00,,,,,,,1.51
1/20/19 0:00,,,,,,,1.481
1/21/19 0:00,,,,,,,1.468
1/22/19 0:00,,,,,,,1.403
1/23/19 0:00,,,,,,,1.632
1/24/19 0:00,,,,,,,1.896
1/25/19 0:00,,,,,,,2.383
1/26/19 0:00,,,,,,,2.452
1/27/19 0:00,,,,,,,3.565
1/28/19 0:00,,,,,,,4.08
1/29/19 0:00,,,,,,,4.644
1/30/19 0:00,,,,,,,4.877
1/31/19 0:00,,,,,,,4.679
2/1/19 0:00,,,,,,,4.08
2/2/19 0:00,,,,,,,3.976
2/3/19 0:00,,,,,,,3.957
2/4/19 0:00,,,,,,,3.595
2/5/19 0:00,,,,,,,2.012
2/6/19 0:00,,,,,,,1.444
2/7/19 0:00,,,,,,,1.212
2/8/19 0:00,,,,,,,1.03
2/9/19 0:00,,,,,,,1.034
2/10/19 0:00,,,,,,,1.851
2/11/19 0:00,,,,,,,2.385
2/12/19 0:00,,,,,,,2.635
2/13/19 0:00,,,,,,,2.938
2/14/19 0:00,,,,,,,3.055
2/15/19 0:00,14.795,3.131,2.414,1.766,1.326,0.821,2.649
2/16/19 0:00,,,,,,,1.904
2/17/19 0:00,,,,,,,1.281
2/18/19 0:00,,,,,,,0.988
2/19/19 0:00,,,,,,,0.744
2/20/19 0:00,,,,,,,0.558
2/21/19 0:00,,,,,,,0.468
2/22/19 0:00,,,,,,,0.484
2/23/19 0:00,,,,,,,0.75
2/24/19 0:00,,,,,,,1.535
2/25/19 0:00,,,,,,,1.774
2/26/19 0:00,,,,,,,2.181
2/27/19 0:00,,,,,,,2.9
2/28/19 0:00,,,,,,,2.866
3/1/19 0:00,,,,,,,2.51
3/2/19 0:00,,,,,,,2.398
3/3/19 0:00,,,,,,,2.224
3/4/19 0:00,,,,,,,2.176
3/5/19 0:00,,,,,,,2.179
3/6/19 0:00,,,,,,,2.234
3/7/19 0:00,,,,,,,2.275
3/8/19 0:00,,,,,,,2.273
3/9/19 0:00,,,,,,,2.275
3/10/19 0:00,,,,,,,2.437
3/11/19 0:00,,,,,,,2.885
3/12/19 0:00,,,,,,,3.081
3/13/19 0:00,,,,,,,2.2
3/14/19 0:00,,,,,,,1.743
3/15/19 0:00,40.574,2.934,2.309,1.585,1.184,0.843,1.514
3/16/19 0:00,,,,,,,1.237
3/17/19 0:00,,,,,,,1.106
3/18/19 0:00,,,,,,,1.048
3/19/19 0:00,,,,,,,1.377
3/20/19 0:00,,,,,,,1.795
3/21/19 0:00,,,,,,,1.857
3/22/19 0:00,,,,,,,1.493
3/23/19 0:00,,,,,,,1.195
3/24/19 0:00,,,,,,,1.157
3/25/19 0:00,,,,,,,1.104
3/26/19 0:00,,,,,,,0.983
3/27/19 0:00,,,,,,,0.864
3/28/19 0:00,,,,,,,0.75
3/29/19 0:00,,,,,,,0.618
3/30/19 0:00,,,,,,,0.533
3/31/19 0:00,,,,,,,0.45
4/1/19 0:00,,,,,,,0.399
4/2/19 0:00,,,,,,,0.368
4/3/19 0:00,,,,,,,1.069
4/4/19 0:00,,,,,,,2.325
4/5/19 0:00,,,,,,,2.41
4/6/19 0:00,,,,,,,2.383
4/7/19 0:00,,,,,,,2.317
4/8/19 0:00,,,,,,,2.366
4/9/19 0:00,,,,,,,2.369
4/10/19 0:00,,,,,,,2.383
4/11/19 0:00,,,,,,,1.982
4/12/19 0:00,,,,,,,1.37
4/13/19 0:00,,,,,,,0.878
4/14/19 0:00,,,,,,,0.568
4/15/19 0:00,104.512,4.077,2.71,1.752,1.27,0.858,0.411
4/16/19 0:00,,,,,,,0.367
4/17/19 0:00,,,,,,,0.772
4/18/19 0:00,,,,,,,1.18
4/19/19 0:00,,,,,,,1.097
4/20/19 0:00,,,,,,,0.957
4/21/19 0:00,,,,,,,0.868
4/22/19 0:00,,,,,,,0.882
4/23/19 0:00,,,,,,,1.109
4/24/19 0:00,,,,,,,1.378
4/25/19 0:00,,,,,,,1.312
4/26/19 0:00,,,,,,,1.135
4/27/19 0:00,,,,,,,0.989
4/28/19 0:00,,,,,,,0.844
4/29/19 0:00,,,,,,,0.695
4/30/19 0:00,,,,,,,0.54
5/1/19 0:00,,,,,,,0.458
5/2/19 0:00,,,,,,,0.468
5/3/19 0:00,,,,,,,0.52
5/4/19 0:00,,,,,,,0.53
5/5/19 0:00,,,,,,,0.602
5/6/19 0:00,,,,,,,0.662
5/7/19 0:00,,,,,,,0.818
5/8/19 0:00,,,,,,,0.817
5/9/19 0:00,,,,,,,0.733
5/10/19 0:00,,,,,,,0.659
5/11/19 0:00,,,,,,,0.582
5/12/19 0:00,,,,,,,0.535
5/13/19 0:00,,,,,,,0.541
5/14/19 0:00,,,,,,,0.505
5/15/19 0:00,478.305,10.805,6.167,3.234,2.132,1.204,0.516
5/16/19 0:00,,,,,,,0.491
5/17/19 0:00,,,,,,,0.483
5/18/19 0:00,,,,,,,0.448
5/19/19 0:00,,,,,,,0.407
5/20/19 0:00,,,,,,,0.507
5/21/19 0:00,,,,,,,0.804
5/22/19 0:00,,,,,,,1.444
5/23/19 0:00,,,,,,,7.185
5/24/19 0:00,,,,,,,4.924
5/25/19 0:00,,,,,,,3.444
5/26/19 0:00,,,,,,,2.523
5/27/19 0:00,,,,,,,2.182
5/28/19 0:00,,,,,,,1.904
5/29/19 0:00,,,,,,,1.684
5/30/19 0:00,,,,,,,1.532
5/31/19 0:00,,,,,,,1.39
6/1/19 0:00,,,,,,,1.245
6/2/19 0:00,,,,,,,1.112
6/3/19 0:00,,,,,,,1.028
6/4/19 0:00,,,,,,,0.93
6/5/19 0:00,,,,,,,0.993
6/6/19 0:00,,,,,,,1.09
6/7/19 0:00,,,,,,,1.821
6/8/19 0:00,,,,,,,5.557
6/9/19 0:00,,,,,,,5.709
6/10/19 0:00,,,,,,,4.416
6/11/19 0:00,,,,,,,3.928
6/12/19 0:00,,,,,,,3.808
6/13/19 0:00,,,,,,,6.015
6/14/19 0:00,,,,,,,5.659
6/15/19 0:00,854.666,35.449,20.075,11.073,7.294,3.97,4.952
6/16/19 0:00,,,,,,,4.452
6/17/19 0:00,,,,,,,3.812
6/18/19 0:00,,,,,,,3.097
6/19/19 0:00,,,,,,,2.557
6/20/19 0:00,,,,,,,2.371
6/21/19 0:00,,,,,,,2.208
6/22/19 0:00,,,,,,,12.279
6/23/19 0:00,,,,,,,10.154
6/24/19 0:00,,,,,,,6.822
6/25/19 0:00,,,,,,,9.195
6/26/19 0:00,,,,,,,7.06
6/27/19 0:00,,,,,,,5.609
6/28/19 0:00,,,,,,,4.753
6/29/19 0:00,,,,,,,4.599
6/30/19 0:00,,,,,,,7.707
7/1/19 0:00,,,,,,,33.897
7/2/19 0:00,,,,,,,24.464
7/3/19 0:00,,,,,,,21.204
7/4/19 0:00,,,,,,,36.398
7/5/19 0:00,,,,,,,53.807
7/6/19 0:00,,,,,,,27.002
7/7/19 0:00,,,,,,,26.173
7/8/19 0:00,,,,,,,30.307
7/9/19 0:00,,,,,,,36.544
7/10/19 0:00,,,,,,,22.422
7/11/19 0:00,,,,,,,17.174
7/12/19 0:00,,,,,,,13.218
7/13/19 0:00,,,,,,,11.135
7/14/19 0:00,,,,,,,9.709
7/15/19 0:00,645.414,54.119,31.525,18.16,11.85,6.929,8.94
7/16/19 0:00,,,,,,,8.238
7/17/19 0:00,,,,,,,7.676
7/18/19 0:00,,,,,,,7.165
7/19/19 0:00,,,,,,,13.721
7/20/19 0:00,,,,,,,20.462
7/21/19 0:00,,,,,,,27.226
7/22/19 0:00,,,,,,,15.791
7/23/19 0:00,,,,,,,20.221
7/24/19 0:00,,,,,,,86.529
7/25/19 0:00,,,,,,,131.919
7/26/19 0:00,,,,,,,97.792
7/27/19 0:00,,,,,,,60.163
7/28/19 0:00,,,,,,,44.239
7/29/19 0:00,,,,,,,30.122
7/30/19 0:00,,,,,,,24.644
7/31/19 0:00,,,,,,,64.313
8/1/19 0:00,,,,,,,86.595
8/2/19 0:00,,,,,,,80.233
8/3/19 0:00,,,,,,,55.258
8/4/19 0:00,,,,,,,39.154
8/5/19 0:00,,,,,,,28.407
8/6/19 0:00,,,,,,,23.605
8/7/19 0:00,,,,,,,32.331
8/8/19 0:00,,,,,,,56.809
8/9/19 0:00,,,,,,,61.971
8/10/19 0:00,,,,,,,55.147
8/11/19 0:00,,,,,,,40.2
8/12/19 0:00,,,,,,,34.531
8/13/19 0:00,,,,,,,47.709
8/14/19 0:00,,,,,,,45.151
8/15/19 0:00,561.499,49.429,33.434,22.053,14.89,9.099,33.279
8/16/19 0:00,,,,,,,29.855
8/17/19 0:00,,,,,,,24.078
8/18/19 0:00,,,,,,,19.87
8/19/19 0:00,,,,,,,17.134
8/20/19 0:00,,,,,,,14.485
8/21/19 0:00,,,,,,,12.643
8/22/19 0:00,,,,,,,11.256
8/23/19 0:00,,,,,,,10.027
8/24/19 0:00,,,,,,,9.022
8/25/19 0:00,,,,,,,8.301
8/26/19 0:00,,,,,,,7.815
8/27/19 0:00,,,,,,,7.536
8/28/19 0:00,,,,,,,7.375
8/29/19 0:00,,,,,,,7.436
8/30/19 0:00,,,,,,,7.375
8/31/19 0:00,,,,,,,7.088
9/1/19 0:00,,,,,,,7.094
9/2/19 0:00,,,,,,,7.673
9/3/19 0:00,,,,,,,7.213
9/4/19 0:00,,,,,,,6.801
9/5/19 0:00,,,,,,,6.528
9/6/19 0:00,,,,,,,6.142
9/7/19 0:00,,,,,,,5.993
9/8/19 0:00,,,,,,,5.784
9/9/19 0:00,,,,,,,5.552
9/10/19 0:00,,,,,,,5.391
9/11/19 0:00,,,,,,,5.387
9/12/19 0:00,,,,,,,5.197
9/13/19 0:00,,,,,,,5.212
9/14/19 0:00,,,,,,,5.849
9/15/19 0:00,399.8,32.706,20.69,13.501,9.92,7.058,7.645
9/16/19 0:00,,,,,,,7.061
9/17/19 0:00,,,,,,,6.191
9/18/19 0:00,,,,,,,5.544
9/19/19 0:00,,,,,,,5.027
9/20/19 0:00,,,,,,,4.688
9/21/19 0:00,,,,,,,4.434
9/22/19 0:00,,,,,,,4.36
9/23/19 0:00,,,,,,,4.465
9/24/19 0:00,,,,,,,5.202
9/25/19 0:00,,,,,,,5.179
9/26/19 0:00,,,,,,,4.434
9/27/19 0:00,,,,,,,3.88
9/28/19 0:00,,,,,,,3.075
9/29/19 0:00,,,,,,,2.368
9/30/19 0:00,,,,,,,2.485
10/1/19 0:00,,,,,,,2.604
10/2/19 0:00,,,,,,,2.67
10/3/19 0:00,,,,,,,2.348
10/4/19 0:00,,,,,,,2.025
10/5/19 0:00,,,,,,,1.876
10/6/19 0:00,,,,,,,1.843
10/7/19 0:00,,,,,,,1.882
10/8/19 0:00,,,,,,,1.893
10/9/19 0:00,,,,,,,1.874
10/10/19 0:00,,,,,,,1.732
10/11/19 0:00,,,,,,,1.595
10/12/19 0:00,,,,,,,1.449
10/13/19 0:00,,,,,,,1.205
10/14/19 0:00,,,,,,,1.024
10/15/19 0:00,168.764,14.149,9.847,6.77,4.949,2.489,1.145
10/16/19 0:00,,,,,,,4.041
10/17/19 0:00,,,,,,,4.006
10/18/19 0:00,,,,,,,2.166
10/19/19 0:00,,,,,,,1.458
10/20/19 0:00,,,,,,,1.616
10/21/19 0:00,,,,,,,2.086
10/22/19 0:00,,,,,,,2.164
10/23/19 0:00,,,,,,,2.204
10/24/19 0:00,,,,,,,1.981
10/25/19 0:00,,,,,,,1.569
10/26/19 0:00,,,,,,,1.391
10/27/19 0:00,,,,,,,23.663
10/28/19 0:00,,,,,,,52.461
10/29/19 0:00,,,,,,,48.075
10/30/19 0:00,,,,,,,50.099
10/31/19 0:00,,,,,,,32.57
11/1/19 0:00,,,,,,,22.506
11/2/19 0:00,,,,,,,16.346
11/3/19 0:00,,,,,,,12.148
11/4/19 0:00,,,,,,,9.692
11/5/19 0:00,,,,,,,8.112
11/6/19 0:00,,,,,,,6.665
11/7/19 0:00,,,,,,,5.225
11/8/19 0:00,,,,,,,4.025
11/9/19 0:00,,,,,,,3.663
11/10/19 0:00,,,,,,,3.595
11/11/19 0:00,,,,,,,3.889
11/12/19 0:00,,,,,,,3.602
11/13/19 0:00,,,,,,,2.76
11/14/19 0:00,,,,,,,2.142
11/15/19 0:00,194.236,6.088,4.228,2.635,1.95,1.207,1.689
11/16/19 0:00,,,,,,,1.337
11/17/19 0:00,,,,,,,1.065
11/18/19 0:00,,,,,,,0.86
11/19/19 0:00,,,,,,,0.773
11/20/19 0:00,,,,,,,0.928
11/21/19 0:00,,,,,,,0.86
11/22/19 0:00,,,,,,,0.579
11/23/19 0:00,,,,,,,0.384
11/24/19 0:00,,,,,,,0.406
11/25/19 0:00,,,,,,,1.166
11/26/19 0:00,,,,,,,2.438
11/27/19 0:00,,,,,,,2.801
11/28/19 0:00,,,,,,,2.255
11/29/19 0:00,,,,,,,2.286
11/30/19 0:00,,,,,,,2.379
12/1/19 0:00,,,,,,,2.261
12/2/19 0:00,,,,,,,2.181
12/3/19 0:00,,,,,,,2.423
12/4/19 0:00,,,,,,,3.886
12/5/19 0:00,,,,,,,3.825
12/6/19 0:00,,,,,,,2.501
12/7/19 0:00,,,,,,,2.324
12/8/19 0:00,,,,,,,2.33
12/9/19 0:00,,,,,,,2.492
12/10/19 0:00,,,,,,,3.615
12/11/19 0:00,,,,,,,4.138
12/12/19 0:00,,,,,,,4.078
12/13/19 0:00,,,,,,,2.834
12/14/19 0:00,,,,,,,2.137
12/15/19 0:00,106.622,3.978,2.879,1.965,1.462,0.893,1.958
12/16/19 0:00,,,,,,,1.949
12/17/19 0:00,,,,,,,2.041
12/18/19 0:00,,,,,,,2.364
12/19/19 0:00,,,,,,,2.446
12/20/19 0:00,,,,,,,2.42
12/21/19 0:00,,,,,,,2.211
12/22/19 0:00,,,,,,,2.037
12/23/19 0:00,,,,,,,2.088
12/24/19 0:00,,,,,,,2.293
12/25/19 0:00,,,,,,,3.051
12/26/19 0:00,,,,,,,3.072
12/27/19 0:00,,,,,,,3.079
12/28/19 0:00,,,,,,,3.324
12/29/19 0:00,,,,,,,3.779
12/30/19 0:00,,,,,,,3.724
12/31/19 0:00,,,,,,,2.903
1/1/20 0:00,,,,,,,1.852
1/2/20 0:00,,,,,,,1.234
1/3/20 0:00,,,,,,,0.881
1/4/20 0:00,,,,,,,0.789
1/5/20 0:00,,,,,,,0.917
1/6/20 0:00,,,,,,,1.118
1/7/20 0:00,,,,,,,1.284
1/8/20 0:00,,,,,,,2.341
1/9/20 0:00,,,,,,,2.606
1/10/20 0:00,,,,,,,2.706
1/11/20 0:00,,,,,,,3.801
1/12/20 0:00,,,,,,,2.639
1/13/20 0:00,,,,,,,2.36
1/14/20 0:00,,,,,,,2.377
1/15/20 0:00,63.657,3.416,2.543,1.784,1.323,0.843,2.409
1/16/20 0:00,,,,,,,2.387
1/17/20 0:00,,,,,,,2.435
1/18/20 0:00,,,,,,,3.285
1/19/20 0:00,,,,,,,2.368
1/20/20 0:00,,,,,,,2.426
1/21/20 0:00,,,,,,,2.696
1/22/20 0:00,,,,,,,3.458
1/23/20 0:00,,,,,,,3.334
1/24/20 0:00,,,,,,,2.514
1/25/20 0:00,,,,,,,2.134
1/26/20 0:00,,,,,,,2.048
1/27/20 0:00,,,,,,,2.06
1/28/20 0:00,,,,,,,2.107
1/29/20 0:00,,,,,,,2.336
1/30/20 0:00,,,,,,,2.369
1/31/20 0:00,,,,,,,2.363
2/1/20 0:00,,,,,,,2.382
2/2/20 0:00,,,,,,,2.415
2/3/20 0:00,,,,,,,2.41
2/4/20 0:00,,,,,,,2.653
2/5/20 0:00,,,,,,,2.701
2/6/20 0:00,,,,,,,2.627
2/7/20 0:00,,,,,,,2.351
2/8/20 0:00,,,,,,,2.333
2/9/20 0:00,,,,,,,2.339
2/10/20 0:00,,,,,,,2.354
2/11/20 0:00,,,,,,,2.357
2/12/20 0:00,,,,,,,2.343
2/13/20 0:00,,,,,,,2.29
2/14/20 0:00,,,,,,,2.179
2/15/20 0:00,14.795,3.131,2.414,1.766,1.326,0.821,2.319
2/16/20 0:00,,,,,,,2.41
2/17/20 0:00,,,,,,,2.63
2/18/20 0:00,,,,,,,3.468
2/19/20 0:00,,,,,,,3.683
2/20/20 0:00,,,,,,,3.343
2/21/20 0:00,,,,,,,2.961
2/22/20 0:00,,,,,,,2.347
2/23/20 0:00,,,,,,,2.126
2/24/20 0:00,,,,,,,2.285
2/25/20 0:00,,,,,,,2.608
2/26/20 0:00,,,,,,,2.765
2/27/20 0:00,,,,,,,2.227
2/28/20 0:00,,,,,,,1.277
2/29/20 0:00,,,,,,,0.784
3/1/20 0:00,,,,,,,1.72
3/2/20 0:00,,,,,,,2.334
3/3/20 0:00,,,,,,,2.613
3/4/20 0:00,,,,,,,2.686
3/5/20 0:00,,,,,,,3.852
3/6/20 0:00,,,,,,,3.623
3/7/20 0:00,,,,,,,2.563
3/8/20 0:00,,,,,,,2.641
3/9/20 0:00,,,,,,,3.09
3/10/20 0:00,,,,,,,2.395
3/11/20 0:00,,,,,,,1.927
3/12/20 0:00,,,,,,,1.743
3/13/20 0:00,,,,,,,2.327
3/14/20 0:00,,,,,,,3.391
3/15/20 0:00,40.574,2.934,2.309,1.585,1.184,0.843,3.514
3/16/20 0:00,,,,,,,3.735
3/17/20 0:00,,,,,,,3.751
3/18/20 0:00,,,,,,,3.257
3/19/20 0:00,,,,,,,2.086
3/20/20 0:00,,,,,,,1.949
3/21/20 0:00,,,,,,,1.828
3/22/20 0:00,,,,,,,1.93
3/23/20 0:00,,,,,,,2.188
3/24/20 0:00,,,,,,,2.278
3/25/20 0:00,,,,,,,2.325
3/26/20 0:00,,,,,,,2.576
3/27/20 0:00,,,,,,,2.689
3/28/20 0:00,,,,,,,2.235
3/29/20 0:00,,,,,,,2.063
3/30/20 0:00,,,,,,,2.112
3/31/20 0:00,,,,,,,1.969
4/1/20 0:00,,,,,,,1.843
4/2/20 0:00,,,,,,,1.796
4/3/20 0:00,,,,,,,1.465
4/4/20 0:00,,,,,,,1.164
4/5/20 0:00,,,,,,,1.086
4/6/20 0:00,,,,,,,1.179
4/7/20 0:00,,,,,,,1.322
4/8/20 0:00,,,,,,,1.315
4/9/20 0:00,,,,,,,1.265
4/10/20 0:00,,,,,,,1.233
4/11/20 0:00,,,,,,,1.159
4/12/20 0:00,,,,,,,1.32
4/13/20 0:00,,,,,,,1.412
4/14/20 0:00,,,,,,,1.457
4/15/20 0:00,104.512,4.077,2.71,1.752,1.27,0.858,3.166
4/16/20 0:00,,,,,,,3.292
4/17/20 0:00,,,,,,,2.041
4/18/20 0:00,,,,,,,1.456
4/19/20 0:00,,,,,,,1.138
4/20/20 0:00,,,,,,,1.07
4/21/20 0:00,,,,,,,1.105
4/22/20 0:00,,,,,,,1.11
4/23/20 0:00,,,,,,,1.079
4/24/20 0:00,,,,,,,1.024
4/25/20 0:00,,,,,,,0.879
4/26/20 0:00,,,,,,,0.791
4/27/20 0:00,,,,,,,0.655
4/28/20 0:00,,,,,,,0.511
4/29/20 0:00,,,,,,,0.445
4/30/20 0:00,,,,,,,0.355
5/1/20 0:00,,,,,,,0.334
5/2/20 0:00,,,,,,,0.296
5/3/20 0:00,,,,,,,0.283
5/4/20 0:00,,,,,,,0.284
5/5/20 0:00,,,,,,,0.289
5/6/20 0:00,,,,,,,0.704
5/7/20 0:00,,,,,,,0.973
5/8/20 0:00,,,,,,,0.992
5/9/20 0:00,,,,,,,0.846
5/10/20 0:00,,,,,,,0.717
5/11/20 0:00,,,,,,,0.694
5/12/20 0:00,,,,,,,0.698
5/13/20 0:00,,,,,,,0.821
5/14/20 0:00,,,,,,,0.949
5/15/20 0:00,478.305,10.805,6.167,3.234,2.132,1.204,0.814
5/16/20 0:00,,,,,,,0.757
5/17/20 0:00,,,,,,,0.711
5/18/20 0:00,,,,,,,0.61
5/19/20 0:00,,,,,,,0.58
5/20/20 0:00,,,,,,,0.969
5/21/20 0:00,,,,,,,1.132
5/22/20 0:00,,,,,,,1.075
5/23/20 0:00,,,,,,,0.961
5/24/20 0:00,,,,,,,0.857
5/25/20 0:00,,,,,,,0.764
5/26/20 0:00,,,,,,,0.809
5/27/20 0:00,,,,,,,1.125
5/28/20 0:00,,,,,,,1.369
5/29/20 0:00,,,,,,,2.123
5/30/20 0:00,,,,,,,3.129
5/31/20 0:00,,,,,,,9.894
6/1/20 0:00,,,,,,,11.725
6/2/20 0:00,,,,,,,6.916
6/3/20 0:00,,,,,,,4.831
6/4/20 0:00,,,,,,,3.671
6/5/20 0:00,,,,,,,2.759
6/6/20 0:00,,,,,,,2.477
6/7/20 0:00,,,,,,,2.473
6/8/20 0:00,,,,,,,2.481
6/9/20 0:00,,,,,,,2.497
6/10/20 0:00,,,,,,,2.535
6/11/20 0:00,,,,,,,3.241
6/12/20 0:00,,,,,,,5.869
6/13/20 0:00,,,,,,,17.691
6/14/20 0:00,,,,,,,16.661
6/15/20 0:00,854.666,35.449,20.075,11.073,7.294,3.97,10.29
6/16/20 0:00,,,,,,,7.967
6/17/20 0:00,,,,,,,9.131
6/18/20 0:00,,,,,,,7.915
6/19/20 0:00,,,,,,,6.212
6/20/20 0:00,,,,,,,5.603
6/21/20 0:00,,,,,,,5.456
6/22/20 0:00,,,,,,,5.089
6/23/20 0:00,,,,,,,4.86
6/24/20 0:00,,,,,,,6.796
6/25/20 0:00,,,,,,,6.498
6/26/20 0:00,,,,,,,5.456
6/27/20 0:00,,,,,,,4.913
6/28/20 0:00,,,,,,,33.882
6/29/20 0:00,,,,,,,47.589
6/30/20 0:00,,,,,,,36.831
7/1/20 0:00,,,,,,,18.232
7/2/20 0:00,,,,,,,13.251
7/3/20 0:00,,,,,,,10.818
7/4/20 0:00,,,,,,,9.139
7/5/20 0:00,,,,,,,8.535
7/6/20 0:00,,,,,,,7.76
7/7/20 0:00,,,,,,,7.287
7/8/20 0:00,,,,,,,7.25
7/9/20 0:00,,,,,,,7.806
7/10/20 0:00,,,,,,,46.522
7/11/20 0:00,,,,,,,212.468
7/12/20 0:00,,,,,,,173.543
7/13/20 0:00,,,,,,,145.211
7/14/20 0:00,,,,,,,189.496
7/15/20 0:00,645.414,54.119,31.525,18.16,11.85,6.929,144.783
7/16/20 0:00,,,,,,,77.682
7/17/20 0:00,,,,,,,50.663
7/18/20 0:00,,,,,,,36.761
7/19/20 0:00,,,,,,,27.812
7/20/20 0:00,,,,,,,22.582
7/21/20 0:00,,,,,,,19.195
7/22/20 0:00,,,,,,,16.88
7/23/20 0:00,,,,,,,15.169
7/24/20 0:00,,,,,,,13.671
7/25/20 0:00,,,,,,,12.607
7/26/20 0:00,,,,,,,11.459
7/27/20 0:00,,,,,,,10.691
7/28/20 0:00,,,,,,,10.249
7/29/20 0:00,,,,,,,9.777
7/30/20 0:00,,,,,,,9.224
7/31/20 0:00,,,,,,,8.953
8/1/20 0:00,,,,,,,8.556
8/2/20 0:00,,,,,,,7.774
8/3/20 0:00,,,,,,,7.393
8/4/20 0:00,,,,,,,7.038
8/5/20 0:00,,,,,,,6.768
8/6/20 0:00,,,,,,,6.592
8/7/20 0:00,,,,,,,6.598
8/8/20 0:00,,,,,,,6.502
8/9/20 0:00,,,,,,,6.284
8/10/20 0:00,,,,,,,8.145
8/11/20 0:00,,,,,,,27.061
8/12/20 0:00,,,,,,,25.554
8/13/20 0:00,,,,,,,38.767
8/14/20 0:00,,,,,,,49.059
8/15/20 0:00,561.499,49.429,33.434,22.053,14.89,9.099,55.014
8/16/20 0:00,,,,,,,60.523
8/17/20 0:00,,,,,,,59.807
8/18/20 0:00,,,,,,,66.75
8/19/20 0:00,,,,,,,67.674
8/20/20 0:00,,,,,,,67.72
8/21/20 0:00,,,,,,,52.114
8/22/20 0:00,,,,,,,42.234
8/23/20 0:00,,,,,,,32.82
8/24/20 0:00,,,,,,,26.356
8/25/20 0:00,,,,,,,22.533
8/26/20 0:00,,,,,,,19.543
8/27/20 0:00,,,,,,,17.629
8/28/20 0:00,,,,,,,17.394
8/29/20 0:00,,,,,,,34.794
8/30/20 0:00,,,,,,,84.498
8/31/20 0:00,,,,,,,64.622
9/1/20 0:00,,,,,,,47.393
9/2/20 0:00,,,,,,,38.067
9/3/20 0:00,,,,,,,38.853
9/4/20 0:00,,,,,,,83.25
9/5/20 0:00,,,,,,,132.561
9/6/20 0:00,,,,,,,71.467
9/7/20 0:00,,,,,,,48.844
9/8/20 0:00,,,,,,,36.6
9/9/20 0:00,,,,,,,28.801
9/10/20 0:00,,,,,,,24.747
9/11/20 0:00,,,,,,,21.458
9/12/20 0:00,,,,,,,20.028
9/13/20 0:00,,,,,,,17.385
9/14/20 0:00,,,,,,,15.925
9/15/20 0:00,399.8,32.706,20.69,13.501,9.92,7.058,18.888
9/16/20 0:00,,,,,,,21.807
9/17/20 0:00,,,,,,,19.382
9/18/20 0:00,,,,,,,18.945
9/19/20 0:00,,,,,,,20.93
9/20/20 0:00,,,,,,,18.436
9/21/20 0:00,,,,,,,16.462
9/22/20 0:00,,,,,,,15.188
9/23/20 0:00,,,,,,,14.04
9/24/20 0:00,,,,,,,12.949
9/25/20 0:00,,,,,,,12.893
9/26/20 0:00,,,,,,,14.324
9/27/20 0:00,,,,,,,23.919
9/28/20 0:00,,,,,,,27.651
9/29/20 0:00,,,,,,,23.911
9/30/20 0:00,,,,,,,20.343
10/1/20 0:00,,,,,,,18.771
10/2/20 0:00,,,,,,,17.093
10/3/20 0:00,,,,,,,22.536
10/4/20 0:00,,,,,,,26.353
10/5/20 0:00,,,,,,,24.36
10/6/20 0:00,,,,,,,20.159
10/7/20 0:00,,,,,,,16.982
10/8/20 0:00,,,,,,,14.423
10/9/20 0:00,,,,,,,12.829
10/10/20 0:00,,,,,,,11.699
10/11/20 0:00,,,,,,,11.045
10/12/20 0:00,,,,,,,10.957
10/13/20 0:00,,,,,,,10.433
10/14/20 0:00,,,,,,,9.156
10/15/20 0:00,168.764,14.149,9.847,6.77,4.949,2.489,8.241
10/16/20 0:00,,,,,,,8.132
10/17/20 0:00,,,,,,,7.486
10/18/20 0:00,,,,,,,6.846
10/19/20 0:00,,,,,,,6.723
10/20/20 0:00,,,,,,,6.69
10/21/20 0:00,,,,,,,6.423
10/22/20 0:00,,,,,,,6.217
10/23/20 0:00,,,,,,,5.747
10/24/20 0:00,,,,,,,5.3
10/25/20 0:00,,,,,,,5.003
10/26/20 0:00,,,,,,,4.82
10/27/20 0:00,,,,,,,4.853
10/28/20 0:00,,,,,,,4.85
10/29/20 0:00,,,,,,,4.884
10/30/20 0:00,,,,,,,4.702
10/31/20 0:00,,,,,,,4.481
11/1/20 0:00,,,,,,,4.828
11/2/20 0:00,,,,,,,4.755
11/3/20 0:00,,,,,,,4.988
11/4/20 0:00,,,,,,,4.479
11/5/20 0:00,,,,,,,3.495
11/6/20 0:00,,,,,,,2.634
11/7/20 0:00,,,,,,,6.834
11/8/20 0:00,,,,,,,18.039
11/9/20 0:00,,,,,,,26.667
11/10/20 0:00,,,,,,,37.147
11/11/20 0:00,,,,,,,30.62
11/12/20 0:00,,,,,,,19.309
11/13/20 0:00,,,,,,,12.998
11/14/20 0:00,,,,,,,8.91
11/15/20 0:00,194.236,6.088,4.228,2.635,1.95,1.207,7.06
11/16/20 0:00,,,,,,,5.941
11/17/20 0:00,,,,,,,5.274
11/18/20 0:00,,,,,,,4.251
11/19/20 0:00,,,,,,,3.083
11/20/20 0:00,,,,,,,2.261
11/21/20 0:00,,,,,,,1.75
11/22/20 0:00,,,,,,,1.537
11/23/20 0:00,,,,,,,1.521
11/24/20 0:00,,,,,,,1.519
11/25/20 0:00,,,,,,,1.436
11/26/20 0:00,,,,,,,1.431
11/27/20 0:00,,,,,,,1.227
11/28/20 0:00,,,,,,,1.36
11/29/20 0:00,,,,,,,1.744
11/30/20 0:00,,,,,,,1.95
12/1/20 0:00,,,,,,,2.289
12/2/20 0:00,,,,,,,2.363
12/3/20 0:00,,,,,,,2.331
12/4/20 0:00,,,,,,,2.332
12/5/20 0:00,,,,,,,2.331
12/6/20 0:00,,,,,,,2.237
12/7/20 0:00,,,,,,,2.277
12/8/20 0:00,,,,,,,3.528
12/9/20 0:00,,,,,,,4.046
12/10/20 0:00,,,,,,,4.622
12/11/20 0:00,,,,,,,4.079
12/12/20 0:00,,,,,,,3.02
12/13/20 0:00,,,,,,,2.835
12/14/20 0:00,,,,,,,2.977
12/15/20 0:00,106.622,3.978,2.879,1.965,1.462,0.893,3.122
12/16/20 0:00,,,,,,,2.579
12/17/20 0:00,,,,,,,2.238
12/18/20 0:00,,,,,,,1.966
12/19/20 0:00,,,,,,,1.935
12/20/20 0:00,,,,,,,2.126
12/21/20 0:00,,,,,,,2.119
12/22/20 0:00,,,,,,,2.187
12/23/20 0:00,,,,,,,2.333
12/24/20 0:00,,,,,,,2.677
12/25/20 0:00,,,,,,,2.838
12/26/20 0:00,,,,,,,2.819
12/27/20 0:00,,,,,,,3.353
12/28/20 0:00,,,,,,,3.458
12/29/20 0:00,,,,,,,3.345
12/30/20 0:00,,,,,,,3.223
12/31/20 0:00,,,,,,,3.971
1/1/21 0:00,,,,,,,4.13
1/2/21 0:00,,,,,,,3.899
1/3/21 0:00,,,,,,,2.764
1/4/21 0:00,,,,,,,2.66
1/5/21 0:00,,,,,,,2.683
1/6/21 0:00,,,,,,,2.685
1/7/21 0:00,,,,,,,2.514
1/8/21 0:00,,,,,,,2.919
1/9/21 0:00,,,,,,,3.153
1/10/21 0:00,,,,,,,3.233
1/11/21 0:00,,,,,,,3.441
1/12/21 0:00,,,,,,,3.449
1/13/21 0:00,,,,,,,3.608
1/14/21 0:00,,,,,,,3.673
1/15/21 0:00,63.657,3.416,2.543,1.784,1.323,0.843,4.257
1/16/21 0:00,,,,,,,4.429
1/17/21 0:00,,,,,,,4.218
1/18/21 0:00,,,,,,,4.544
1/19/21 0:00,,,,,,,4.577
1/20/21 0:00,,,,,,,4.294
1/21/21 0:00,,,,,,,3.01
1/22/21 0:00,,,,,,,1.64
1/23/21 0:00,,,,,,,1.109
1/24/21 0:00,,,,,,,1.164
1/25/21 0:00,,,,,,,1.176
1/26/21 0:00,,,,,,,1.039
1/27/21 0:00,,,,,,,2.935
1/28/21 0:00,,,,,,,4.191
1/29/21 0:00,,,,,,,4.385
1/30/21 0:00,,,,,,,4.466
1/31/21 0:00,,,,,,,4.502
2/1/21 0:00,,,,,,,4.516
2/2/21 0:00,,,,,,,4.595
2/3/21 0:00,,,,,,,5
2/4/21 0:00,,,,,,,5.024
2/5/21 0:00,,,,,,,4.654
2/6/21 0:00,,,,,,,3.996
2/7/21 0:00,,,,,,,2.669
2/8/21 0:00,,,,,,,2.535
2/9/21 0:00,,,,,,,2.763
2/10/21 0:00,,,,,,,3.226
2/11/21 0:00,,,,,,,2.79
2/12/21 0:00,,,,,,,2.519
2/13/21 0:00,,,,,,,2.546
2/14/21 0:00,,,,,,,2.59
2/15/21 0:00,14.795,3.131,2.414,1.766,1.326,0.821,2.53
2/16/21 0:00,,,,,,,2.34
2/17/21 0:00,,,,,,,2.367
2/18/21 0:00,,,,,,,2.454
2/19/21 0:00,,,,,,,2.274
2/20/21 0:00,,,,,,,2.176
2/21/21 0:00,,,,,,,2.202
2/22/21 0:00,,,,,,,2.29
2/23/21 0:00,,,,,,,2.246
2/24/21 0:00,,,,,,,2.28
2/25/21 0:00,,,,,,,2.454
2/26/21 0:00,,,,,,,3.343
2/27/21 0:00,,,,,,,3.327
2/28/21 0:00,,,,,,,2.692
3/1/21 0:00,,,,,,,2.432
3/2/21 0:00,,,,,,,2.24
3/3/21 0:00,,,,,,,2.341
3/4/21 0:00,,,,,,,2.566
3/5/21 0:00,,,,,,,2.657
3/6/21 0:00,,,,,,,3.818
3/7/21 0:00,,,,,,,4.138
3/8/21 0:00,,,,,,,4.101
3/9/21 0:00,,,,,,,3.624
3/10/21 0:00,,,,,,,4.692
3/11/21 0:00,,,,,,,8.824
3/12/21 0:00,,,,,,,5.382
3/13/21 0:00,,,,,,,10.807
3/14/21 0:00,,,,,,,7.7
3/15/21 0:00,40.574,2.934,2.309,1.585,1.184,0.843,4.34
3/16/21 0:00,,,,,,,2.719
3/17/21 0:00,,,,,,,2.144
3/18/21 0:00,,,,,,,1.636
3/19/21 0:00,,,,,,,1.204
3/20/21 0:00,,,,,,,0.987
3/21/21 0:00,,,,,,,0.863
3/22/21 0:00,,,,,,,0.809
3/23/21 0:00,,,,,,,0.724
3/24/21 0:00,,,,,,,0.68
3/25/21 0:00,,,,,,,0.667
3/26/21 0:00,,,,,,,2.437
3/27/21 0:00,,,,,,,3.46
3/28/21 0:00,,,,,,,2.713
3/29/21 0:00,,,,,,,2.616
3/30/21 0:00,,,,,,,3.178
3/31/21 0:00,,,,,,,3.367
4/1/21 0:00,,,,,,,3.456
4/2/21 0:00,,,,,,,3.077
4/3/21 0:00,,,,,,,2.143
4/4/21 0:00,,,,,,,1.822
4/5/21 0:00,,,,,,,1.72
4/6/21 0:00,,,,,,,1.706
4/7/21 0:00,,,,,,,1.686
4/8/21 0:00,,,,,,,1.584
4/9/21 0:00,,,,,,,1.486
4/10/21 0:00,,,,,,,1.341
4/11/21 0:00,,,,,,,1.304
4/12/21 0:00,,,,,,,1.256
4/13/21 0:00,,,,,,,1.317
4/14/21 0:00,,,,,,,1.733
4/15/21 0:00,104.512,4.077,2.71,1.752,1.27,0.858,1.813
4/16/21 0:00,,,,,,,1.702
4/17/21 0:00,,,,,,,1.544
4/18/21 0:00,,,,,,,1.456
4/19/21 0:00,,,,,,,1.42
4/20/21 0:00,,,,,,,1.564
4/21/21 0:00,,,,,,,2.448
4/22/21 0:00,,,,,,,2.833
4/23/21 0:00,,,,,,,2.806
4/24/21 0:00,,,,,,,2.385
4/25/21 0:00,,,,,,,2.014
4/26/21 0:00,,,,,,,1.731
4/27/21 0:00,,,,,,,1.591
4/28/21 0:00,,,,,,,1.75
4/29/21 0:00,,,,,,,1.896
4/30/21 0:00,,,,,,,1.978
5/1/21 0:00,,,,,,,1.591
5/2/21 0:00,,,,,,,1.263
5/3/21 0:00,,,,,,,1.287
5/4/21 0:00,,,,,,,1.16
5/5/21 0:00,,,,,,,1.061
5/6/21 0:00,,,,,,,1.127
5/7/21 0:00,,,,,,,0.925
5/8/21 0:00,,,,,,,0.903
5/9/21 0:00,,,,,,,1.63
5/10/21 0:00,,,,,,,1.838
5/11/21 0:00,,,,,,,1.559
5/12/21 0:00,,,,,,,1.362
5/13/21 0:00,,,,,,,1.15
5/14/21 0:00,,,,,,,1.095
5/15/21 0:00,478.305,10.805,6.167,3.234,2.132,1.204,1.093
5/16/21 0:00,,,,,,,2.323
5/17/21 0:00,,,,,,,2.522
5/18/21 0:00,,,,,,,8.673
5/19/21 0:00,,,,,,,7.641
5/20/21 0:00,,,,,,,6.726
5/21/21 0:00,,,,,,,25.874
5/22/21 0:00,,,,,,,34.643
5/23/21 0:00,,,,,,,32.272
5/24/21 0:00,,,,,,,15.965
5/25/21 0:00,,,,,,,10.191
5/26/21 0:00,,,,,,,8.032
5/27/21 0:00,,,,,,,6.766
5/28/21 0:00,,,,,,,6.168
5/29/21 0:00,,,,,,,5.843
5/30/21 0:00,,,,,,,10.278
5/31/21 0:00,,,,,,,13.663
6/1/21 0:00,,,,,,,11.784
6/2/21 0:00,,,,,,,9.534
6/3/21 0:00,,,,,,,8.266
6/4/21 0:00,,,,,,,7.277
6/5/21 0:00,,,,,,,6.603
6/6/21 0:00,,,,,,,5.94
6/7/21 0:00,,,,,,,5.525
6/8/21 0:00,,,,,,,5.058
6/9/21 0:00,,,,,,,4.725
6/10/21 0:00,,,,,,,4.655
6/11/21 0:00,,,,,,,4.616
6/12/21 0:00,,,,,,,4.413
6/13/21 0:00,,,,,,,4.178
6/14/21 0:00,,,,,,,4.104
6/15/21 0:00,854.666,35.449,20.075,11.073,7.294,3.97,3.895
6/16/21 0:00,,,,,,,3.722
6/17/21 0:00,,,,,,,3.718
6/18/21 0:00,,,,,,,3.667
6/19/21 0:00,,,,,,,3.657
6/20/21 0:00,,,,,,,3.685
6/21/21 0:00,,,,,,,3.495
6/22/21 0:00,,,,,,,3.201
6/23/21 0:00,,,,,,,3.144
6/24/21 0:00,,,,,,,3.388
6/25/21 0:00,,,,,,,6.624
6/26/21 0:00,,,,,,,17.564
6/27/21 0:00,,,,,,,13.293
6/28/21 0:00,,,,,,,13.293
6/29/21 0:00,,,,,,,20.643
6/30/21 0:00,,,,,,,79.844
7/1/21 0:00,,,,,,,164.012
7/2/21 0:00,,,,,,,217.808
7/3/21 0:00,,,,,,,224.914
7/4/21 0:00,,,,,,,205.599
7/5/21 0:00,,,,,,,170.168
7/6/21 0:00,,,,,,,144.477
7/7/21 0:00,,,,,,,94.066
7/8/21 0:00,,,,,,,62.042
7/9/21 0:00,,,,,,,50.711
7/10/21 0:00,,,,,,,76.473
7/11/21 0:00,,,,,,,73.969
7/12/21 0:00,,,,,,,65.277
7/13/21 0:00,,,,,,,54.535
7/14/21 0:00,,,,,,,94.194
7/15/21 0:00,645.414,54.119,31.525,18.16,11.85,6.929,93.559
7/16/21 0:00,,,,,,,70.362
7/17/21 0:00,,,,,,,54.746
7/18/21 0:00,,,,,,,46.159
7/19/21 0:00,,,,,,,36.915
7/20/21 0:00,,,,,,,31.216
7/21/21 0:00,,,,,,,28.042
7/22/21 0:00,,,,,,,26.243
7/23/21 0:00,,,,,,,41.313
7/24/21 0:00,,,,,,,48.635
7/25/21 0:00,,,,,,,41.298
7/26/21 0:00,,,,,,,32.669
7/27/21 0:00,,,,,,,28.215
7/28/21 0:00,,,,,,,24.883
7/29/21 0:00,,,,,,,22.888
7/30/21 0:00,,,,,,,24.083
7/31/21 0:00,,,,,,,25.94
8/1/21 0:00,,,,,,,38.184
8/2/21 0:00,,,,,,,35.486
8/3/21 0:00,,,,,,,29.382
8/4/21 0:00,,,,,,,24.957
8/5/21 0:00,,,,,,,22.203
8/6/21 0:00,,,,,,,20.166
8/7/21 0:00,,,,,,,18.364
8/8/21 0:00,,,,,,,17.116
8/9/21 0:00,,,,,,,15.887
8/10/21 0:00,,,,,,,21.049
8/11/21 0:00,,,,,,,30.2
8/12/21 0:00,,,,,,,33.592
8/13/21 0:00,,,,,,,28.033
8/14/21 0:00,,,,,,,24.529
8/15/21 0:00,561.499,49.429,33.434,22.053,14.89,9.099,23.855
8/16/21 0:00,,,,,,,21.17
8/17/21 0:00,,,,,,,18.458
8/18/21 0:00,,,,,,,16.417
8/19/21 0:00,,,,,,,15.301
8/20/21 0:00,,,,,,,19.899
8/21/21 0:00,,,,,,,49.732
8/22/21 0:00,,,,,,,45.879
8/23/21 0:00,,,,,,,33.467
8/24/21 0:00,,,,,,,27.428
8/25/21 0:00,,,,,,,23.234
8/26/21 0:00,,,,,,,20.683
8/27/21 0:00,,,,,,,19.76
8/28/21 0:00,,,,,,,43.368
8/29/21 0:00,,,,,,,118.536
8/30/21 0:00,,,,,,,156.36
8/31/21 0:00,,,,,,,109.11
9/1/21 0:00,,,,,,,80.778
9/2/21 0:00,,,,,,,103.521
9/3/21 0:00,,,,,,,101.992
9/4/21 0:00,,,,,,,66.108
9/5/21 0:00,,,,,,,55.035
9/6/21 0:00,,,,,,,54.985
9/7/21 0:00,,,,,,,52.671
9/8/21 0:00,,,,,,,58.748
9/9/21 0:00,,,,,,,50.414
9/10/21 0:00,,,,,,,42.855
9/11/21 0:00,,,,,,,36.409
9/12/21 0:00,,,,,,,31.834
9/13/21 0:00,,,,,,,28.639
9/14/21 0:00,,,,,,,26.55
9/15/21 0:00,399.8,32.706,20.69,13.501,9.92,7.058,25.868
9/16/21 0:00,,,,,,,23.933
9/17/21 0:00,,,,,,,21.585
9/18/21 0:00,,,,,,,19.652
9/19/21 0:00,,,,,,,18.573
9/20/21 0:00,,,,,,,17.667
9/21/21 0:00,,,,,,,16.489
9/22/21 0:00,,,,,,,15.605
9/23/21 0:00,,,,,,,15.409
9/24/21 0:00,,,,,,,14.858
9/25/21 0:00,,,,,,,13.506
9/26/21 0:00,,,,,,,12.562
9/27/21 0:00,,,,,,,12.199
9/28/21 0:00,,,,,,,11.819
9/29/21 0:00,,,,,,,11.234
9/30/21 0:00,,,,,,,9.556
10/1/21 0:00,,,,,,,8.136
10/2/21 0:00,,,,,,,7.752
10/3/21 0:00,,,,,,,7.689
10/4/21 0:00,,,,,,,7.574
10/5/21 0:00,,,,,,,7.412
10/6/21 0:00,,,,,,,7.178
10/7/21 0:00,,,,,,,6.393
10/8/21 0:00,,,,,,,5.893
10/9/21 0:00,,,,,,,5.066
10/10/21 0:00,,,,,,,4.771
10/11/21 0:00,,,,,,,4.604
10/12/21 0:00,,,,,,,4.563
10/13/21 0:00,,,,,,,4.693
10/14/21 0:00,,,,,,,4.424
10/15/21 0:00,168.764,14.149,9.847,6.77,4.949,2.489,4.013
10/16/21 0:00,,,,,,,3.821
10/17/21 0:00,,,,,,,5.179
10/18/21 0:00,,,,,,,7.294
10/19/21 0:00,,,,,,,7.95
10/20/21 0:00,,,,,,,8.878
10/21/21 0:00,,,,,,,8.663
10/22/21 0:00,,,,,,,7.427
10/23/21 0:00,,,,,,,6.015
10/24/21 0:00,,,,,,,26.152
10/25/21 0:00,,,,,,,36.955
10/26/21 0:00,,,,,,,46.839
10/27/21 0:00,,,,,,,31.618
10/28/21 0:00,,,,,,,20.255
10/29/21 0:00,,,,,,,14.444
10/30/21 0:00,,,,,,,11.334
10/31/21 0:00,,,,,,,9.565
11/1/21 0:00,,,,,,,8.702
11/2/21 0:00,,,,,,,8.031
11/3/21 0:00,,,,,,,22.831
11/4/21 0:00,,,,,,,19.148
11/5/21 0:00,,,,,,,19.1
11/6/21 0:00,,,,,,,14.569
11/7/21 0:00,,,,,,,11.995
11/8/21 0:00,,,,,,,10.249
11/9/21 0:00,,,,,,,9.202
11/10/21 0:00,,,,,,,8.258
11/11/21 0:00,,,,,,,7.272
11/12/21 0:00,,,,,,,6.259
11/13/21 0:00,,,,,,,5.329
11/14/21 0:00,,,,,,,4.265
11/15/21 0:00,194.236,6.088,4.228,2.635,1.95,1.207,3.658
11/16/21 0:00,,,,,,,3.064
11/17/21 0:00,,,,,,,2.615
11/18/21 0:00,,,,,,,3.41
11/19/21 0:00,,,,,,,4.777
11/20/21 0:00,,,,,,,5.455
11/21/21 0:00,,,,,,,5.482
11/22/21 0:00,,,,,,,4.713
11/23/21 0:00,,,,,,,4.072
11/24/21 0:00,,,,,,,3.748
11/25/21 0:00,,,,,,,3.115
11/26/21 0:00,,,,,,,2.321
11/27/21 0:00,,,,,,,2.089
11/28/21 0:00,,,,,,,2.161
11/29/21 0:00,,,,,,,3.72
11/30/21 0:00,,,,,,,28.208
12/1/21 0:00,,,,,,,23.507
12/2/21 0:00,,,,,,,16.197
12/3/21 0:00,,,,,,,11.878
12/4/21 0:00,,,,,,,9.504
12/5/21 0:00,,,,,,,7.399
12/6/21 0:00,,,,,,,14.264
12/7/21 0:00,,,,,,,19.872
12/8/21 0:00,,,,,,,21.572
12/9/21 0:00,,,,,,,13.942
12/10/21 0:00,,,,,,,10.197
12/11/21 0:00,,,,,,,7.635
12/12/21 0:00,,,,,,,6.017
12/13/21 0:00,,,,,,,4.785
12/14/21 0:00,,,,,,,4.139
12/15/21 0:00,106.622,3.978,2.879,1.965,1.462,0.893,3.524
12/16/21 0:00,,,,,,,2.709
12/17/21 0:00,,,,,,,2.273
12/18/21 0:00,,,,,,,1.951
12/19/21 0:00,,,,,,,1.583
12/20/21 0:00,,,,,,,2.233
12/21/21 0:00,,,,,,,2.401
12/22/21 0:00,,,,,,,2.7
12/23/21 0:00,,,,,,,4.095
12/24/21 0:00,,,,,,,4.04
12/25/21 0:00,,,,,,,3.848
12/26/21 0:00,,,,,,,3.951
12/27/21 0:00,,,,,,,4.022
12/28/21 0:00,,,,,,,4.155
12/29/21 0:00,,,,,,,4.45
12/30/21 0:00,,,,,,,4.507
12/31/21 0:00,,,,,,,5.123
1/1/22 0:00,,,,,,,5.524
1/2/22 0:00,,,,,,,4.655
1/3/22 0:00,,,,,,,4.335
1/4/22 0:00,,,,,,,4.323
1/5/22 0:00,,,,,,,4.375
1/6/22 0:00,,,,,,,3.772
1/7/22 0:00,,,,,,,2.827
1/8/22 0:00,,,,,,,2.401
1/9/22 0:00,,,,,,,2.244
1/10/22 0:00,,,,,,,2.142
1/11/22 0:00,,,,,,,2.253
1/12/22 0:00,,,,,,,2.478
1/13/22 0:00,,,,,,,3.533
1/14/22 0:00,,,,,,,3.692
1/15/22 0:00,63.657,3.416,2.543,1.784,1.323,0.843,3.359
1/16/22 0:00,,,,,,,3.054
1/17/22 0:00,,,,,,,2.891
1/18/22 0:00,,,,,,,3.025
1/19/22 0:00,,,,,,,3.401
1/20/22 0:00,,,,,,,5.621
1/21/22 0:00,,,,,,,5.265
1/22/22 0:00,,,,,,,3.702
1/23/22 0:00,,,,,,,3.486
1/24/22 0:00,,,,,,,3.063
1/25/22 0:00,,,,,,,2.609
1/26/22 0:00,,,,,,,2.432
1/27/22 0:00,,,,,,,2.131
1/28/22 0:00,,,,,,,2.266
1/29/22 0:00,,,,,,,4.49
1/30/22 0:00,,,,,,,4.975
1/31/22 0:00,,,,,,,3.966
2/1/22 0:00,,,,,,,3.603
2/2/22 0:00,,,,,,,3.488
2/3/22 0:00,,,,,,,3.532
2/4/22 0:00,,,,,,,3.569
2/5/22 0:00,,,,,,,3.576
2/6/22 0:00,,,,,,,3.824
2/7/22 0:00,,,,,,,4.245
2/8/22 0:00,,,,,,,4.161
2/9/22 0:00,,,,,,,3.716
2/10/22 0:00,,,,,,,2.272
2/11/22 0:00,,,,,,,1.784
2/12/22 0:00,,,,,,,1.533
2/13/22 0:00,,,,,,,1.261
2/14/22 0:00,,,,,,,1.134
2/15/22 0:00,14.795,3.131,2.414,1.766,1.326,0.821,1.425
2/16/22 0:00,,,,,,,2.28
2/17/22 0:00,,,,,,,5.157
2/18/22 0:00,,,,,,,5.383
2/19/22 0:00,,,,,,,4.691
2/20/22 0:00,,,,,,,2.665
2/21/22 0:00,,,,,,,2.016
2/22/22 0:00,,,,,,,1.757
2/23/22 0:00,,,,,,,1.752
2/24/22 0:00,,,,,,,3.085
2/25/22 0:00,,,,,,,3.954
2/26/22 0:00,,,,,,,4.901
2/27/22 0:00,,,,,,,4.6
2/28/22 0:00,,,,,,,2.913
3/1/22 0:00,,,,,,,2.629
3/2/22 0:00,,,,,,,2.692
3/3/22 0:00,,,,,,,3.164
3/4/22 0:00,,,,,,,3.65
3/5/22 0:00,,,,,,,3.328
3/6/22 0:00,,,,,,,2.52
3/7/22 0:00,,,,,,,2.372
3/8/22 0:00,,,,,,,2.371
3/9/22 0:00,,,,,,,2.433
3/10/22 0:00,,,,,,,2.725
3/11/22 0:00,,,,,,,3.422
3/12/22 0:00,,,,,,,5.303
3/13/22 0:00,,,,,,,3.382
3/14/22 0:00,,,,,,,3.102
3/15/22 0:00,40.574,2.934,2.309,1.585,1.184,0.843,3.037
3/16/22 0:00,,,,,,,2.934
3/17/22 0:00,,,,,,,2.731
3/18/22 0:00,,,,,,,2.508
3/19/22 0:00,,,,,,,2.228
3/20/22 0:00,,,,,,,1.434
3/21/22 0:00,,,,,,,0.927
3/22/22 0:00,,,,,,,0.843
3/23/22 0:00,,,,,,,1.118
3/24/22 0:00,,,,,,,2.058
3/25/22 0:00,,,,,,,5.705
3/26/22 0:00,,,,,,,7.684
3/27/22 0:00,,,,,,,5.046
3/28/22 0:00,,,,,,,2.222
3/29/22 0:00,,,,,,,1.872
3/30/22 0:00,,,,,,,1.718
3/31/22 0:00,,,,,,,1.712
4/1/22 0:00,,,,,,,1.7
4/2/22 0:00,,,,,,,1.657
4/3/22 0:00,,,,,,,1.935
4/4/22 0:00,,,,,,,1.823
4/5/22 0:00,,,,,,,1.735
4/6/22 0:00,,,,,,,1.776
4/7/22 0:00,,,,,,,1.908
4/8/22 0:00,,,,,,,2.051
4/9/22 0:00,,,,,,,2.257
4/10/22 0:00,,,,,,,2.302
4/11/22 0:00,,,,,,,1.845
4/12/22 0:00,,,,,,,1.565
4/13/22 0:00,,,,,,,1.391
4/14/22 0:00,,,,,,,1.352
4/15/22 0:00,104.512,4.077,2.71,1.752,1.27,0.858,1.27
4/16/22 0:00,,,,,,,1.066
4/17/22 0:00,,,,,,,1.828
4/18/22 0:00,,,,,,,2.309
4/19/22 0:00,,,,,,,2.857
4/20/22 0:00,,,,,,,3.098
4/21/22 0:00,,,,,,,3.114
4/22/22 0:00,,,,,,,3.232
4/23/22 0:00,,,,,,,3.246
4/24/22 0:00,,,,,,,2.934
4/25/22 0:00,,,,,,,1.984
4/26/22 0:00,,,,,,,1.45
4/27/22 0:00,,,,,,,1.232
4/28/22 0:00,,,,,,,1.194
4/29/22 0:00,,,,,,,1.194
4/30/22 0:00,,,,,,,1.153
5/1/22 0:00,,,,,,,1.912
5/2/22 0:00,,,,,,,2.305
5/3/22 0:00,,,,,,,2.416
5/4/22 0:00,,,,,,,3.12
5/5/22 0:00,,,,,,,3.285
5/6/22 0:00,,,,,,,3.188
5/7/22 0:00,,,,,,,2.24
5/8/22 0:00,,,,,,,1.568
5/9/22 0:00,,,,,,,1.391
5/10/22 0:00,,,,,,,1.608
5/11/22 0:00,,,,,,,2.059
5/12/22 0:00,,,,,,,2.072
5/13/22 0:00,,,,,,,1.89
5/14/22 0:00,,,,,,,1.647
5/15/22 0:00,478.305,10.805,6.167,3.234,2.132,1.204,1.623
5/16/22 0:00,,,,,,,1.906
5/17/22 0:00,,,,,,,2.224
5/18/22 0:00,,,,,,,2.275
5/19/22 0:00,,,,,,,2.235
5/20/22 0:00,,,,,,,1.953
5/21/22 0:00,,,,,,,1.801
5/22/22 0:00,,,,,,,1.582
5/23/22 0:00,,,,,,,1.441
5/24/22 0:00,,,,,,,1.502
5/25/22 0:00,,,,,,,1.575
5/26/22 0:00,,,,,,,1.392
5/27/22 0:00,,,,,,,1.119
5/28/22 0:00,,,,,,,1.013
5/29/22 0:00,,,,,,,1.013
5/30/22 0:00,,,,,,,1.368
5/31/22 0:00,,,,,,,1.813
6/1/22 0:00,,,,,,,2.57
6/2/22 0:00,,,,,,,7.067
6/3/22 0:00,,,,,,,5.045
6/4/22 0:00,,,,,,,3.45
6/5/22 0:00,,,,,,,2.82
6/6/22 0:00,,,,,,,2.541
6/7/22 0:00,,,,,,,2.302
6/8/22 0:00,,,,,,,2.098
6/9/22 0:00,,,,,,,1.957
6/10/22 0:00,,,,,,,1.831
6/11/22 0:00,,,,,,,1.828
6/12/22 0:00,,,,,,,1.817
6/13/22 0:00,,,,,,,1.764
6/14/22 0:00,,,,,,,1.725
6/15/22 0:00,854.666,35.449,20.075,11.073,7.294,3.97,2.456
6/16/22 0:00,,,,,,,15.636
6/17/22 0:00,,,,,,,50.317
6/18/22 0:00,,,,,,,32.345
6/19/22 0:00,,,,,,,17.155
6/20/22 0:00,,,,,,,31.899
6/21/22 0:00,,,,,,,42.282
6/22/22 0:00,,,,,,,23.963
6/23/22 0:00,,,,,,,14.452
6/24/22 0:00,,,,,,,11.13
6/25/22 0:00,,,,,,,10.864
6/26/22 0:00,,,,,,,12.403
6/27/22 0:00,,,,,,,12.717
6/28/22 0:00,,,,,,,10.321
6/29/22 0:00,,,,,,,8.997
6/30/22 0:00,,,,,,,8.447
7/1/22 0:00,,,,,,,7.917
7/2/22 0:00,,,,,,,7.034
7/3/22 0:00,,,,,,,6.195
7/4/22 0:00,,,,,,,5.904
7/5/22 0:00,,,,,,,6.745
7/6/22 0:00,,,,,,,20.802
7/7/22 0:00,,,,,,,17.148
7/8/22 0:00,,,,,,,12.956
7/9/22 0:00,,,,,,,15.715
7/10/22 0:00,,,,,,,14.552
7/11/22 0:00,,,,,,,9.402
7/12/22 0:00,,,,,,,7.882
7/13/22 0:00,,,,,,,8.322
7/14/22 0:00,,,,,,,9.138
7/15/22 0:00,645.414,54.119,31.525,18.16,11.85,6.929,9.087
7/16/22 0:00,,,,,,,11.469
7/17/22 0:00,,,,,,,34.5
7/18/22 0:00,,,,,,,21.424
7/19/22 0:00,,,,,,,14.367
7/20/22 0:00,,,,,,,11.632
7/21/22 0:00,,,,,,,10.098
7/22/22 0:00,,,,,,,9.19
7/23/22 0:00,,,,,,,8.749
7/24/22 0:00,,,,,,,8.228
7/25/22 0:00,,,,,,,8.053
7/26/22 0:00,,,,,,,7.859
7/27/22 0:00,,,,,,,7.589
7/28/22 0:00,,,,,,,7.117
7/29/22 0:00,,,,,,,6.824
7/30/22 0:00,,,,,,,6.272
7/31/22 0:00,,,,,,,6.368
8/1/22 0:00,,,,,,,10.262
8/2/22 0:00,,,,,,,11.895
8/3/22 0:00,,,,,,,9.186
8/4/22 0:00,,,,,,,7.579
8/5/22 0:00,,,,,,,6.591
8/6/22 0:00,,,,,,,6.161
8/7/22 0:00,,,,,,,6.108
8/8/22 0:00,,,,,,,5.923
8/9/22 0:00,,,,,,,5.674
8/10/22 0:00,,,,,,,5.179
8/11/22 0:00,,,,,,,4.864
8/12/22 0:00,,,,,,,4.814
8/13/22 0:00,,,,,,,4.662
8/14/22 0:00,,,,,,,5.778
8/15/22 0:00,561.499,49.429,33.434,22.053,14.89,9.099,9.966
8/16/22 0:00,,,,,,,12.295
8/17/22 0:00,,,,,,,17.293
8/18/22 0:00,,,,,,,13.92
8/19/22 0:00,,,,,,,57.115
8/20/22 0:00,,,,,,,70.695
8/21/22 0:00,,,,,,,58.464
8/22/22 0:00,,,,,,,46.441
8/23/22 0:00,,,,,,,34.929
8/24/22 0:00,,,,,,,25.134
8/25/22 0:00,,,,,,,19.868
8/26/22 0:00,,,,,,,17.45
8/27/22 0:00,,,,,,,19.29
8/28/22 0:00,,,,,,,32.812
8/29/22 0:00,,,,,,,24.352
8/30/22 0:00,,,,,,,21.304
8/31/22 0:00,,,,,,,19.427
9/1/22 0:00,,,,,,,17.379
9/2/22 0:00,,,,,,,15.858
9/3/22 0:00,,,,,,,13.368
9/4/22 0:00,,,,,,,11.287
9/5/22 0:00,,,,,,,10.111
9/6/22 0:00,,,,,,,9.608
9/7/22 0:00,,,,,,,16.94
9/8/22 0:00,,,,,,,25.199
9/9/22 0:00,,,,,,,22.726
9/10/22 0:00,,,,,,,17.849
9/11/22 0:00,,,,,,,14.764
9/12/22 0:00,,,,,,,12.826
9/13/22 0:00,,,,,,,11.548
9/14/22 0:00,,,,,,,10.687
9/15/22 0:00,399.8,32.706,20.69,13.501,9.92,7.058,9.807
9/16/22 0:00,,,,,,,9.022
9/17/22 0:00,,,,,,,8.436
9/18/22 0:00,,,,,,,7.618
9/19/22 0:00,,,,,,,7.123
9/20/22 0:00,,,,,,,7.073
9/21/22 0:00,,,,,,,6.643
9/22/22 0:00,,,,,,,6.365
9/23/22 0:00,,,,,,,5.779
9/24/22 0:00,,,,,,,5.636
9/25/22 0:00,,,,,,,5.293
9/26/22 0:00,,,,,,,5.134
9/27/22 0:00,,,,,,,5.167
9/28/22 0:00,,,,,,,5.129
9/29/22 0:00,,,,,,,4.687
9/30/22 0:00,,,,,,,4.372
10/1/22 0:00,,,,,,,4.236
10/2/22 0:00,,,,,,,3.996
10/3/22 0:00,,,,,,,3.992
10/4/22 0:00,,,,,,,3.992
10/5/22 0:00,,,,,,,3.529
10/6/22 0:00,,,,,,,3.154
10/7/22 0:00,,,,,,,2.922
10/8/22 0:00,,,,,,,2.868
10/9/22 0:00,,,,,,,2.265
10/10/22 0:00,,,,,,,1.84
10/11/22 0:00,,,,,,,1.574
10/12/22 0:00,,,,,,,1.373
10/13/22 0:00,,,,,,,1.227
10/14/22 0:00,,,,,,,1.142
10/15/22 0:00,168.764,14.149,9.847,6.77,4.949,2.489,0.932
10/16/22 0:00,,,,,,,0.707
10/17/22 0:00,,,,,,,0.549
10/18/22 0:00,,,,,,,1.6
10/19/22 0:00,,,,,,,4.319
10/20/22 0:00,,,,,,,5.567
10/21/22 0:00,,,,,,,5.275
10/22/22 0:00,,,,,,,4.776
10/23/22 0:00,,,,,,,4.557
10/24/22 0:00,,,,,,,4.51
10/25/22 0:00,,,,,,,4.529
10/26/22 0:00,,,,,,,4.668
10/27/22 0:00,,,,,,,4.41
10/28/22 0:00,,,,,,,4.177
10/29/22 0:00,,,,,,,4.613
10/30/22 0:00,,,,,,,4.29
10/31/22 0:00,,,,,,,2.842
11/1/22 0:00,,,,,,,2.482
11/2/22 0:00,,,,,,,2.352
11/3/22 0:00,,,,,,,2.388
11/4/22 0:00,,,,,,,3.456
11/5/22 0:00,,,,,,,3.672
11/6/22 0:00,,,,,,,3.82
11/7/22 0:00,,,,,,,4.098
11/8/22 0:00,,,,,,,3.982
11/9/22 0:00,,,,,,,3.471
11/10/22 0:00,,,,,,,3.209
11/11/22 0:00,,,,,,,2.723
11/12/22 0:00,,,,,,,2.363
11/13/22 0:00,,,,,,,1.703
11/14/22 0:00,,,,,,,0.944
11/15/22 0:00,194.236,6.088,4.228,2.635,1.95,1.207,0.736
11/16/22 0:00,,,,,,,0.663
11/17/22 0:00,,,,,,,1.576
11/18/22 0:00,,,,,,,2.738
11/19/22 0:00,,,,,,,2.949
11/20/22 0:00,,,,,,,2.994
11/21/22 0:00,,,,,,,3.343
11/22/22 0:00,,,,,,,3.363
11/23/22 0:00,,,,,,,3.778
11/24/22 0:00,,,,,,,3.927
11/25/22 0:00,,,,,,,3.896
11/26/22 0:00,,,,,,,3.203
11/27/22 0:00,,,,,,,2.243
11/28/22 0:00,,,,,,,1.834
11/29/22 0:00,,,,,,,1.78
11/30/22 0:00,,,,,,,1.656
12/1/22 0:00,,,,,,,2.041
12/2/22 0:00,,,,,,,1.96
12/3/22 0:00,,,,,,,1.92
12/4/22 0:00,,,,,,,2.053
12/5/22 0:00,,,,,,,2.697
12/6/22 0:00,,,,,,,3.951
12/7/22 0:00,,,,,,,4.072
12/8/22 0:00,,,,,,,3.438
12/9/22 0:00,,,,,,,2.727
12/10/22 0:00,,,,,,,3.055
12/11/22 0:00,,,,,,,3.635
12/12/22 0:00,,,,,,,4.238
12/13/22 0:00,,,,,,,6.888
12/14/22 0:00,,,,,,,14.664
12/15/22 0:00,106.622,3.978,2.879,1.965,1.462,0.893,14.546
12/16/22 0:00,,,,,,,7.303
12/17/22 0:00,,,,,,,5.845
12/18/22 0:00,,,,,,,5.959
12/19/22 0:00,,,,,,,6.647
12/20/22 0:00,,,,,,,5.233
12/21/22 0:00,,,,,,,3.455
12/22/22 0:00,,,,,,,2.197
12/23/22 0:00,,,,,,,1.741
12/24/22 0:00,,,,,,,1.701
12/25/22 0:00,,,,,,,1.491
12/26/22 0:00,,,,,,,1.198
12/27/22 0:00,,,,,,,0.994
12/28/22 0:00,,,,,,,1.026
12/29/22 0:00,,,,,,,1.538
12/30/22 0:00,,,,,,,2.227
12/31/22 0:00,,,,,,,2.373
1/1/23 0:00,,,,,,,2.904
1/2/23 0:00,,,,,,,3.783
1/3/23 0:00,,,,,,,3.994
1/4/23 0:00,,,,,,,3.898
1/5/23 0:00,,,,,,,3.159
1/6/23 0:00,,,,,,,2.712
1/7/23 0:00,,,,,,,2.422
1/8/23 0:00,,,,,,,2.735
1/9/23 0:00,,,,,,,3.328
1/10/23 0:00,,,,,,,3.352
1/11/23 0:00,,,,,,,3.31
1/12/23 0:00,,,,,,,3.236
1/13/23 0:00,,,,,,,2.648
1/14/23 0:00,,,,,,,2.336
1/15/23 0:00,63.657,3.416,2.543,1.784,1.323,0.843,2.384
1/16/23 0:00,,,,,,,2.706
1/17/23 0:00,,,,,,,3.144
1/18/23 0:00,,,,,,,2.987
1/19/23 0:00,,,,,,,2.633
1/20/23 0:00,,,,,,,2.038
1/21/23 0:00,,,,,,,1.732
1/22/23 0:00,,,,,,,1.689
1/23/23 0:00,,,,,,,1.647
1/24/23 0:00,,,,,,,1.573
1/25/23 0:00,,,,,,,1.573
1/26/23 0:00,,,,,,,1.73
1/27/23 0:00,,,,,,,2.301
1/28/23 0:00,,,,,,,2.803
1/29/23 0:00,,,,,,,2.88
1/30/23 0:00,,,,,,,2.87
1/31/23 0:00,,,,,,,2.468
2/1/23 0:00,,,,,,,2.415
2/2/23 0:00,,,,,,,2.625
2/3/23 0:00,,,,,,,2.684
2/4/23 0:00,,,,,,,2.747
2/5/23 0:00,,,,,,,2.738
2/6/23 0:00,,,,,,,2.71
2/7/23 0:00,,,,,,,2.798
2/8/23 0:00,,,,,,,3.597
2/9/23 0:00,,,,,,,3.885
2/10/23 0:00,,,,,,,3.889
2/11/23 0:00,,,,,,,3.769
2/12/23 0:00,,,,,,,2.722
2/13/23 0:00,,,,,,,2.465
2/14/23 0:00,,,,,,,2.401
2/15/23 0:00,14.795,3.131,2.414,1.766,1.326,0.821,2.401
2/16/23 0:00,,,,,,,2.418
2/17/23 0:00,,,,,,,2.416
2/18/23 0:00,,,,,,,2.899
2/19/23 0:00,,,,,,,2.878
2/20/23 0:00,,,,,,,2.955
2/21/23 0:00,,,,,,,3.708
2/22/23 0:00,,,,,,,4.344
2/23/23 0:00,,,,,,,5.794
2/24/23 0:00,,,,,,,4.663
2/25/23 0:00,,,,,,,3.43
2/26/23 0:00,,,,,,,2.215
2/27/23 0:00,,,,,,,1.61
2/28/23 0:00,,,,,,,1.091
3/1/23 0:00,,,,,,,0.751
3/2/23 0:00,,,,,,,0.534
3/3/23 0:00,,,,,,,0.913
3/4/23 0:00,,,,,,,1.763
3/5/23 0:00,,,,,,,2.073
3/6/23 0:00,,,,,,,3.852
3/7/23 0:00,,,,,,,6.388
3/8/23 0:00,,,,,,,7.645
3/9/23 0:00,,,,,,,6.652
3/10/23 0:00,,,,,,,4.826
3/11/23 0:00,,,,,,,3.779
3/12/23 0:00,,,,,,,3.441
3/13/23 0:00,,,,,,,3.015
3/14/23 0:00,,,,,,,2.341
3/15/23 0:00,40.574,2.934,2.309,1.585,1.184,0.843,1.87
3/16/23 0:00,,,,,,,1.388
3/17/23 0:00,,,,,,,0.933
3/18/23 0:00,,,,,,,1.299
3/19/23 0:00,,,,,,,1.554
3/20/23 0:00,,,,,,,1.36
3/21/23 0:00,,,,,,,1.064
3/22/23 0:00,,,,,,,1.073
3/23/23 0:00,,,,,,,1.603
3/24/23 0:00,,,,,,,5.631
3/25/23 0:00,,,,,,,4.859
3/26/23 0:00,,,,,,,11.322
3/27/23 0:00,,,,,,,19.063
3/28/23 0:00,,,,,,,22.523
3/29/23 0:00,,,,,,,11.604
3/30/23 0:00,,,,,,,6.95
3/31/23 0:00,,,,,,,5.261
4/1/23 0:00,,,,,,,3.858
4/2/23 0:00,,,,,,,2.806
4/3/23 0:00,,,,,,,2.409
4/4/23 0:00,,,,,,,2.262
4/5/23 0:00,,,,,,,1.946
4/6/23 0:00,,,,,,,1.977
4/7/23 0:00,,,,,,,1.825
4/8/23 0:00,,,,,,,1.289
4/9/23 0:00,,,,,,,1.233
4/10/23 0:00,,,,,,,1.404
4/11/23 0:00,,,,,,,1.594
4/12/23 0:00,,,,,,,1.628
4/13/23 0:00,,,,,,,2.151
4/14/23 0:00,,,,,,,2.4
4/15/23 0:00,104.512,4.077,2.71,1.752,1.27,0.858,2.243
4/16/23 0:00,,,,,,,2.071
4/17/23 0:00,,,,,,,1.768
4/18/23 0:00,,,,,,,1.5
4/19/23 0:00,,,,,,,1.319
4/20/23 0:00,,,,,,,1.223
4/21/23 0:00,,,,,,,1.156
4/22/23 0:00,,,,,,,1.856
4/23/23 0:00,,,,,,,1.956
4/24/23 0:00,,,,,,,2.616
4/25/23 0:00,,,,,,,27.42
4/26/23 0:00,,,,,,,59.325
4/27/23 0:00,,,,,,,30.847
4/28/23 0:00,,,,,,,16.947
4/29/23 0:00,,,,,,,15.405
4/30/23 0:00,,,,,,,15.311
5/1/23 0:00,,,,,,,12.162
5/2/23 0:00,,,,,,,10.262
5/3/23 0:00,,,,,,,8.772
5/4/23 0:00,,,,,,,7.791
5/5/23 0:00,,,,,,,7.314
5/6/23 0:00,,,,,,,6.808
5/7/23 0:00,,,,,,,6.516
5/8/23 0:00,,,,,,,6.191
5/9/23 0:00,,,,,,,6.03
5/10/23 0:00,,,,,,,5.334
5/11/23 0:00,,,,,,,4.647
5/12/23 0:00,,,,,,,4.392
5/13/23 0:00,,,,,,,3.951
5/14/23 0:00,,,,,,,3.798
5/15/23 0:00,478.305,10.805,6.167,3.234,2.132,1.204,3.299
5/16/23 0:00,,,,,,,3.234
5/17/23 0:00,,,,,,,3.057
5/18/23 0:00,,,,,,,2.859
5/19/23 0:00,,,,,,,2.851
5/20/23 0:00,,,,,,,2.881
5/21/23 0:00,,,,,,,2.909
5/22/23 0:00,,,,,,,2.892
5/23/23 0:00,,,,,,,3.626
5/24/23 0:00,,,,,,,5.117
5/25/23 0:00,,,,,,,4.736
5/26/23 0:00,,,,,,,5.36
5/27/23 0:00,,,,,,,26.789
5/28/23 0:00,,,,,,,22.146
5/29/23 0:00,,,,,,,12.014
5/30/23 0:00,,,,,,,9.459
5/31/23 0:00,,,,,,,11.113
6/1/23 0:00,,,,,,,29.178
6/2/23 0:00,,,,,,,36.242
6/3/23 0:00,,,,,,,21.011
6/4/23 0:00,,,,,,,56.508
6/5/23 0:00,,,,,,,105.446
6/6/23 0:00,,,,,,,90.235
6/7/23 0:00,,,,,,,75.961
6/8/23 0:00,,,,,,,68.414
6/9/23 0:00,,,,,,,164.135
6/10/23 0:00,,,,,,,196.843
6/11/23 0:00,,,,,,,186.311
6/12/23 0:00,,,,,,,112.019
6/13/23 0:00,,,,,,,97.036
6/14/23 0:00,,,,,,,379.66
6/15/23 0:00,854.666,35.449,20.075,11.073,7.294,3.97,638.069
6/16/23 0:00,,,,,,,854.666
6/17/23 0:00,,,,,,,720.018
6/18/23 0:00,,,,,,,580.101
6/19/23 0:00,,,,,,,435.79
6/20/23 0:00,,,,,,,373.832
6/21/23 0:00,,,,,,,253.865
6/22/23 0:00,,,,,,,158.868
6/23/23 0:00,,,,,,,110.24
6/24/23 0:00,,,,,,,84.85
6/25/23 0:00,,,,,,,70.577
6/26/23 0:00,,,,,,,62.929
6/27/23 0:00,,,,,,,57.82
6/28/23 0:00,,,,,,,82.009
6/29/23 0:00,,,,,,,73.438
6/30/23 0:00,,,,,,,152.188
7/1/23 0:00,,,,,,,138.363
7/2/23 0:00,,,,,,,106.279
7/3/23 0:00,,,,,,,73.254
7/4/23 0:00,,,,,,,59.84
7/5/23 0:00,,,,,,,52.052
7/6/23 0:00,,,,,,,46.364
7/7/23 0:00,,,,,,,38.442
7/8/23 0:00,,,,,,,34.732
7/9/23 0:00,,,,,,,97.085
7/10/23 0:00,,,,,,,102.147
7/11/23 0:00,,,,,,,84.372
7/12/23 0:00,,,,,,,64.122
7/13/23 0:00,,,,,,,53.04
7/14/23 0:00,,,,,,,45.814
7/15/23 0:00,645.414,54.119,31.525,18.16,11.85,6.929,37.335
7/16/23 0:00,,,,,,,31.28
7/17/23 0:00,,,,,,,30.968
7/18/23 0:00,,,,,,,41.314
7/19/23 0:00,,,,,,,34.469
7/20/23 0:00,,,,,,,52.05
7/21/23 0:00,,,,,,,51.77
7/22/23 0:00,,,,,,,40.189
7/23/23 0:00,,,,,,,30.64
7/24/23 0:00,,,,,,,24.516
7/25/23 0:00,,,,,,,22.156
7/26/23 0:00,,,,,,,19.993
7/27/23 0:00,,,,,,,18.337
7/28/23 0:00,,,,,,,17.657
7/29/23 0:00,,,,,,,16.921
7/30/23 0:00,,,,,,,36.368
7/31/23 0:00,,,,,,,59.858
8/1/23 0:00,,,,,,,76.665
8/2/23 0:00,,,,,,,84.245
8/3/23 0:00,,,,,,,57.274
8/4/23 0:00,,,,,,,45.087
8/5/23 0:00,,,,,,,33.353
8/6/23 0:00,,,,,,,26.357
8/7/23 0:00,,,,,,,21.304
8/8/23 0:00,,,,,,,19.206
8/9/23 0:00,,,,,,,16.987
8/10/23 0:00,,,,,,,16.435
8/11/23 0:00,,,,,,,16.341
8/12/23 0:00,,,,,,,14.45
8/13/23 0:00,,,,,,,13.029
8/14/23 0:00,,,,,,,12.402
8/15/23 0:00,561.499,49.429,33.434,22.053,14.89,9.099,11.822
8/16/23 0:00,,,,,,,11.219
8/17/23 0:00,,,,,,,11.093
8/18/23 0:00,,,,,,,11.472
8/19/23 0:00,,,,,,,31.185
8/20/23 0:00,,,,,,,30.524
8/21/23 0:00,,,,,,,19.379
8/22/23 0:00,,,,,,,30.114
8/23/23 0:00,,,,,,,111.261
8/24/23 0:00,,,,,,,174.769
8/25/23 0:00,,,,,,,197.227
8/26/23 0:00,,,,,,,195.705
8/27/23 0:00,,,,,,,161.678
8/28/23 0:00,,,,,,,118.292
8/29/23 0:00,,,,,,,78.025
8/30/23 0:00,,,,,,,57.693
8/31/23 0:00,,,,,,,51.532
9/1/23 0:00,,,,,,,51.39
9/2/23 0:00,,,,,,,52.832
9/3/23 0:00,,,,,,,48.446
9/4/23 0:00,,,,,,,42.667
9/5/23 0:00,,,,,,,39.995
9/6/23 0:00,,,,,,,35.513
9/7/23 0:00,,,,,,,35.679
9/8/23 0:00,,,,,,,30.811
9/9/23 0:00,,,,,,,26.989
9/10/23 0:00,,,,,,,24.437
9/11/23 0:00,,,,,,,78.553
9/12/23 0:00,,,,,,,120.511
9/13/23 0:00,,,,,,,93.053
9/14/23 0:00,,,,,,,66.243
9/15/23 0:00,399.8,32.706,20.69,13.501,9.92,7.058,56.918
9/16/23 0:00,,,,,,,97.663
9/17/23 0:00,,,,,,,120.374
9/18/23 0:00,,,,,,,86.398
9/19/23 0:00,,,,,,,64.851
9/20/23 0:00,,,,,,,58.982
9/21/23 0:00,,,,,,,62.639
9/22/23 0:00,,,,,,,59.172
9/23/23 0:00,,,,,,,57.314
9/24/23 0:00,,,,,,,63.604
9/25/23 0:00,,,,,,,202.037
9/26/23 0:00,,,,,,,252.516
9/27/23 0:00,,,,,,,427.858
9/28/23 0:00,,,,,,,263.366
9/29/23 0:00,,,,,,,129.462
9/30/23 0:00,,,,,,,88.755
10/1/23 0:00,,,,,,,88.219
10/2/23 0:00,,,,,,,82.684
10/3/23 0:00,,,,,,,67.925
10/4/23 0:00,,,,,,,58.445
10/5/23 0:00,,,,,,,53.712
10/6/23 0:00,,,,,,,50.017
10/7/23 0:00,,,,,,,46.983
10/8/23 0:00,,,,,,,43.151
10/9/23 0:00,,,,,,,45.221
10/10/23 0:00,,,,,,,43.754
10/11/23 0:00,,,,,,,36.531
10/12/23 0:00,,,,,,,32.691
10/13/23 0:00,,,,,,,29.514
10/14/23 0:00,,,,,,,25.283
10/15/23 0:00,168.764,14.149,9.847,6.77,4.949,2.489,22.559
10/16/23 0:00,,,,,,,21.036
10/17/23 0:00,,,,,,,20.027
10/18/23 0:00,,,,,,,15.699
10/19/23 0:00,,,,,,,13.354
10/20/23 0:00,,,,,,,12.523
10/21/23 0:00,,,,,,,11.714
10/22/23 0:00,,,,,,,10.728
10/23/23 0:00,,,,,,,11.141
10/24/23 0:00,,,,,,,11.688
10/25/23 0:00,,,,,,,11.148
10/26/23 0:00,,,,,,,10.512
10/27/23 0:00,,,,,,,9.78
10/28/23 0:00,,,,,,,8.732
10/29/23 0:00,,,,,,,8.551
10/30/23 0:00,,,,,,,8.446
10/31/23 0:00,,,,,,,8.152
11/1/23 0:00,,,,,,,7.731
11/2/23 0:00,,,,,,,7.509
11/3/23 0:00,,,,,,,6.443
11/4/23 0:00,,,,,,,6.245
11/5/23 0:00,,,,,,,5.519
11/6/23 0:00,,,,,,,5.881
11/7/23 0:00,,,,,,,5.648
11/8/23 0:00,,,,,,,5.806
11/9/23 0:00,,,,,,,5.542
11/10/23 0:00,,,,,,,5.721
11/11/23 0:00,,,,,,,4.276
11/12/23 0:00,,,,,,,4.253
11/13/23 0:00,,,,,,,3.588
11/14/23 0:00,,,,,,,2.9
11/15/23 0:00,194.236,6.088,4.228,2.635,1.95,1.207,3.543
11/16/23 0:00,,,,,,,3.553
11/17/23 0:00,,,,,,,3.017
11/18/23 0:00,,,,,,,2.323
11/19/23 0:00,,,,,,,2.72
11/20/23 0:00,,,,,,,3.819
11/21/23 0:00,,,,,,,4.127
11/22/23 0:00,,,,,,,4.407
11/23/23 0:00,,,,,,,6.555
11/24/23 0:00,,,,,,,6.739
11/25/23 0:00,,,,,,,5.307
11/26/23 0:00,,,,,,,4.126
11/27/23 0:00,,,,,,,4.229
11/28/23 0:00,,,,,,,3.707
11/29/23 0:00,,,,,,,2.719
11/30/23 0:00,,,,,,,2.84
12/1/23 0:00,,,,,,,4.081
12/2/23 0:00,,,,,,,4.465
12/3/23 0:00,,,,,,,4.598
12/4/23 0:00,,,,,,,4.618
12/5/23 0:00,,,,,,,5.18
12/6/23 0:00,,,,,,,5.253
12/7/23 0:00,,,,,,,4.732
12/8/23 0:00,,,,,,,3.244
12/9/23 0:00,,,,,,,2.385
12/10/23 0:00,,,,,,,2.58
12/11/23 0:00,,,,,,,2.617
12/12/23 0:00,,,,,,,2.878
12/13/23 0:00,,,,,,,2.339
12/14/23 0:00,,,,,,,1.965
12/15/23 0:00,106.622,3.978,2.879,1.965,1.462,0.893,2.009
12/16/23 0:00,,,,,,,1.787
12/17/23 0:00,,,,,,,2.26
12/18/23 0:00,,,,,,,2.791
12/19/23 0:00,,,,,,,3.635
12/20/23 0:00,,,,,,,3.819
12/21/23 0:00,,,,,,,3.992
12/22/23 0:00,,,,,,,3.869
12/23/23 0:00,,,,,,,3.223
12/24/23 0:00,,,,,,,3.065
12/25/23 0:00,,,,,,,2.968
12/26/23 0:00,,,,,,,3.134
12/27/23 0:00,,,,,,,3.355
12/28/23 0:00,,,,,,,3.456
12/29/23 0:00,,,,,,,3.394
12/30/23 0:00,,,,,,,2.954
12/31/23 0:00,,,,,,,3.194
1/1/24 0:00,,,,,,,4.198
1/2/24 0:00,,,,,,,4.207
1/3/24 0:00,,,,,,,4.149
1/4/24 0:00,,,,,,,4.003
1/5/24 0:00,,,,,,,3.957
1/6/24 0:00,,,,,,,3.957
1/7/24 0:00,,,,,,,3.89
1/8/24 0:00,,,,,,,3.608
1/9/24 0:00,,,,,,,3.358
1/10/24 0:00,,,,,,,3.354
1/11/24 0:00,,,,,,,3.148
1/12/24 0:00,,,,,,,3.003
1/13/24 0:00,,,,,,,2.985
1/14/24 0:00,,,,,,,3.102
1/15/24 0:00,63.657,3.416,2.543,1.784,1.323,0.843,3.276
1/16/24 0:00,,,,,,,3.417
1/17/24 0:00,,,,,,,3.644
1/18/24 0:00,,,,,,,3.516
1/19/24 0:00,,,,,,,3.395
1/20/24 0:00,,,,,,,3.208
1/21/24 0:00,,,,,,,3.387
1/22/24 0:00,,,,,,,3.382
1/23/24 0:00,,,,,,,3.163
1/24/24 0:00,,,,,,,3.172
1/25/24 0:00,,,,,,,3.087
1/26/24 0:00,,,,,,,2.941
1/27/24 0:00,,,,,,,2.87
1/28/24 0:00,,,,,,,2.766
1/29/24 0:00,,,,,,,2.933
1/30/24 0:00,,,,,,,3.848
1/31/24 0:00,,,,,,,4.093
2/1/24 0:00,,,,,,,3.815
2/2/24 0:00,,,,,,,2.902
2/3/24 0:00,,,,,,,3.038
2/4/24 0:00,,,,,,,4.029
2/5/24 0:00,,,,,,,4.305
2/6/24 0:00,,,,,,,4.631
2/7/24 0:00,,,,,,,4.651
2/8/24 0:00,,,,,,,4.631
2/9/24 0:00,,,,,,,4.582
2/10/24 0:00,,,,,,,3.738
2/11/24 0:00,,,,,,,2.07
2/12/24 0:00,,,,,,,1.86
2/13/24 0:00,,,,,,,2.049
2/14/24 0:00,,,,,,,2.212
2/15/24 0:00,14.795,3.131,2.414,1.766,1.326,0.821,2.288
2/16/24 0:00,,,,,,,2.43
2/17/24 0:00,,,,,,,3.279
2/18/24 0:00,,,,,,,3.892
2/19/24 0:00,,,,,,,4.026
2/20/24 0:00,,,,,,,4.009
2/21/24 0:00,,,,,,,3.989
2/22/24 0:00,,,,,,,3.789
2/23/24 0:00,,,,,,,3.4
2/24/24 0:00,,,,,,,3.117
2/25/24 0:00,,,,,,,3.386
2/26/24 0:00,,,,,,,4.026
2/27/24 0:00,,,,,,,4.226
2/28/24 0:00,,,,,,,4.14
2/29/24 0:00,,,,,,,3.89
3/1/24 0:00,,,,,,,3.663
3/2/24 0:00,,,,,,,3.524
3/3/24 0:00,,,,,,,3.557
3/4/24 0:00,,,,,,,3.907
3/5/24 0:00,,,,,,,4.346
3/6/24 0:00,,,,,,,4.539
3/7/24 0:00,,,,,,,4.589
3/8/24 0:00,,,,,,,4.814
3/9/24 0:00,,,,,,,4.792
3/10/24 0:00,,,,,,,4.663
3/11/24 0:00,,,,,,,4.657
3/12/24 0:00,,,,,,,4.49
3/13/24 0:00,,,,,,,4.238
3/14/24 0:00,,,,,,,3.961
3/15/24 0:00,40.574,2.934,2.309,1.585,1.184,0.843,3.663
3/16/24 0:00,,,,,,,3.022
3/17/24 0:00,,,,,,,2.55
3/18/24 0:00,,,,,,,2.423
3/19/24 0:00,,,,,,,2.404
3/20/24 0:00,,,,,,,2.395
3/21/24 0:00,,,,,,,2.381
3/22/24 0:00,,,,,,,2.274
3/23/24 0:00,,,,,,,2.2
3/24/24 0:00,,,,,,,2.321
3/25/24 0:00,,,,,,,2.399
3/26/24 0:00,,,,,,,2.42
3/27/24 0:00,,,,,,,2.416
3/28/24 0:00,,,,,,,2.373
3/29/24 0:00,,,,,,,2.199
3/30/24 0:00,,,,,,,1.775
3/31/24 0:00,,,,,,,1.751
4/1/24 0:00,,,,,,,2.155
4/2/24 0:00,,,,,,,2.378
4/3/24 0:00,,,,,,,2.759
4/4/24 0:00,,,,,,,2.609
4/5/24 0:00,,,,,,,2.42
4/6/24 0:00,,,,,,,2.42
4/7/24 0:00,,,,,,,2.45
4/8/24 0:00,,,,,,,3.038
4/9/24 0:00,,,,,,,3.329
4/10/24 0:00,,,,,,,3.733
4/11/24 0:00,,,,,,,4.097
4/12/24 0:00,,,,,,,4.098
4/13/24 0:00,,,,,,,3.617
4/14/24 0:00,,,,,,,2.654
4/15/24 0:00,104.512,4.077,2.71,1.752,1.27,0.858,2.393
4/16/24 0:00,,,,,,,2.318
4/17/24 0:00,,,,,,,2.187
4/18/24 0:00,,,,,,,2.092
4/19/24 0:00,,,,,,,2.094
4/20/24 0:00,,,,,,,2.024
4/21/24 0:00,,,,,,,1.9
4/22/24 0:00,,,,,,,1.981
4/23/24 0:00,,,,,,,2.254
4/24/24 0:00,,,,,,,2.662
4/25/24 0:00,,,,,,,2.794
4/26/24 0:00,,,,,,,2.79
4/27/24 0:00,,,,,,,2.773
4/28/24 0:00,,,,,,,2.777
4/29/24 0:00,,,,,,,2.806
4/30/24 0:00,,,,,,,3.022
5/1/24 0:00,,,,,,,3.072
5/2/24 0:00,,,,,,,2.16
5/3/24 0:00,,,,,,,1.61
5/4/24 0:00,,,,,,,1.38
5/5/24 0:00,,,,,,,1.338
5/6/24 0:00,,,,,,,1.322
5/7/24 0:00,,,,,,,2.231
5/8/24 0:00,,,,,,,2.288
5/9/24 0:00,,,,,,,1.924
5/10/24 0:00,,,,,,,1.726
5/11/24 0:00,,,,,,,1.797
5/12/24 0:00,,,,,,,2.023
5/13/24 0:00,,,,,,,2.171
5/14/24 0:00,,,,,,,2.343
5/15/24 0:00,478.305,10.805,6.167,3.234,2.132,1.204,2.212
5/16/24 0:00,,,,,,,2.018
5/17/24 0:00,,,,,,,1.7
5/18/24 0:00,,,,,,,1.51
5/19/24 0:00,,,,,,,1.399
5/20/24 0:00,,,,,,,1.305
5/21/24 0:00,,,,,,,1.3
5/22/24 0:00,,,,,,,1.273
5/23/24 0:00,,,,,,,1.222
5/24/24 0:00,,,,,,,1.053
5/25/24 0:00,,,,,,,0.938
5/26/24 0:00,,,,,,,0.864
5/27/24 0:00,,,,,,,0.887
5/28/24 0:00,,,,,,,1.084
5/29/24 0:00,,,,,,,1.249
5/30/24 0:00,,,,,,,1.401
5/31/24 0:00,,,,,,,1.529
6/1/24 0:00,,,,,,,1.536
6/2/24 0:00,,,,,,,1.967
6/3/24 0:00,,,,,,,2.185
6/4/24 0:00,,,,,,,88.309
6/5/24 0:00,,,,,,,200.733
6/6/24 0:00,,,,,,,133.515
6/7/24 0:00,,,,,,,
6/8/24 0:00,,,,,,,
6/9/24 0:00,,,,,,,
6/10/24 0:00,,,,,,,
6/11/24 0:00,,,,,,,
6/12/24 0:00,,,,,,,
6/13/24 0:00,,,,,,,
6/14/24 0:00,,,,,,,
6/15/24 0:00,854.666,35.449,20.075,11.073,7.294,3.97,
6/16/24 0:00,,,,,,,
6/17/24 0:00,,,,,,,
6/18/24 0:00,,,,,,,
6/19/24 0:00,,,,,,,
6/20/24 0:00,,,,,,,
6/21/24 0:00,,,,,,,
6/22/24 0:00,,,,,,,
6/23/24 0:00,,,,,,,
6/24/24 0:00,,,,,,,
6/25/24 0:00,,,,,,,
6/26/24 0:00,,,,,,,
6/27/24 0:00,,,,,,,
6/28/24 0:00,,,,,,,
6/29/24 0:00,,,,,,,
6/30/24 0:00,,,,,,,
7/1/24 0:00,,,,,,,
7/2/24 0:00,,,,,,,
7/3/24 0:00,,,,,,,
7/4/24 0:00,,,,,,,
7/5/24 0:00,,,,,,,
7/6/24 0:00,,,,,,,
7/7/24 0:00,,,,,,,
7/8/24 0:00,,,,,,,
7/9/24 0:00,,,,,,,
7/10/24 0:00,,,,,,,
7/11/24 0:00,,,,,,,
7/12/24 0:00,,,,,,,
7/13/24 0:00,,,,,,,
7/14/24 0:00,,,,,,,
7/15/24 0:00,645.414,54.119,31.525,18.16,11.85,6.929,
7/16/24 0:00,,,,,,,
7/17/24 0:00,,,,,,,
7/18/24 0:00,,,,,,,
7/19/24 0:00,,,,,,,
7/20/24 0:00,,,,,,,
7/21/24 0:00,,,,,,,
7/22/24 0:00,,,,,,,
7/23/24 0:00,,,,,,,
7/24/24 0:00,,,,,,,
7/25/24 0:00,,,,,,,
7/26/24 0:00,,,,,,,
7/27/24 0:00,,,,,,,
7/28/24 0:00,,,,,,,
7/29/24 0:00,,,,,,,
7/30/24 0:00,,,,,,,
7/31/24 0:00,,,,,,,
8/1/24 0:00,,,,,,,
8/2/24 0:00,,,,,,,
8/3/24 0:00,,,,,,,
8/4/24 0:00,,,,,,,
8/5/24 0:00,,,,,,,
8/6/24 0:00,,,,,,,
8/7/24 0:00,,,,,,,
8/8/24 0:00,,,,,,,
8/9/24 0:00,,,,,,,
8/10/24 0:00,,,,,,,
8/11/24 0:00,,,,,,,
8/12/24 0:00,,,,,,,
8/13/24 0:00,,,,,,,
8/14/24 0:00,,,,,,,
8/15/24 0:00,561.499,49.429,33.434,22.053,14.89,9.099,
8/16/24 0:00,,,,,,,
8/17/24 0:00,,,,,,,
8/18/24 0:00,,,,,,,
8/19/24 0:00,,,,,,,
8/20/24 0:00,,,,,,,
8/21/24 0:00,,,,,,,
8/22/24 0:00,,,,,,,
8/23/24 0:00,,,,,,,
8/24/24 0:00,,,,,,,
8/25/24 0:00,,,,,,,
8/26/24 0:00,,,,,,,
8/27/24 0:00,,,,,,,
8/28/24 0:00,,,,,,,
8/29/24 0:00,,,,,,,
8/30/24 0:00,,,,,,,
8/31/24 0:00,,,,,,,
9/1/24 0:00,,,,,,,
9/2/24 0:00,,,,,,,
9/3/24 0:00,,,,,,,
9/4/24 0:00,,,,,,,
9/5/24 0:00,,,,,,,
9/6/24 0:00,,,,,,,
9/7/24 0:00,,,,,,,
9/8/24 0:00,,,,,,,
9/9/24 0:00,,,,,,,
9/10/24 0:00,,,,,,,
9/11/24 0:00,,,,,,,
9/12/24 0:00,,,,,,,
9/13/24 0:00,,,,,,,
9/14/24 0:00,,,,,,,
9/15/24 0:00,399.8,32.706,20.69,13.501,9.92,7.058,
9/16/24 0:00,,,,,,,
9/17/24 0:00,,,,,,,
9/18/24 0:00,,,,,,,
9/19/24 0:00,,,,,,,
9/20/24 0:00,,,,,,,
9/21/24 0:00,,,,,,,
9/22/24 0:00,,,,,,,
9/23/24 0:00,,,,,,,
9/24/24 0:00,,,,,,,
9/25/24 0:00,,,,,,,
9/26/24 0:00,,,,,,,
9/27/24 0:00,,,,,,,
9/28/24 0:00,,,,,,,
9/29/24 0:00,,,,,,,
9/30/24 0:00,,,,,,,
10/1/24 0:00,,,,,,,